--------------------------------------------------------
--  파일이 생성됨 - 화요일-11월-26-2024   
--------------------------------------------------------
--------------------------------------------------------
--  DDL for Sequence SEQ_COMMENT_ID
--------------------------------------------------------

   CREATE SEQUENCE  "USER_2024_OTI_MINI_TEAM5"."SEQ_COMMENT_ID"  MINVALUE 1 MAXVALUE 9999999999999999999999999999 INCREMENT BY 1 START WITH 61 CACHE 20 NOORDER  NOCYCLE  NOKEEP  NOSCALE  GLOBAL ;
--------------------------------------------------------
--  DDL for Sequence SEQ_DELIVERY_NUM
--------------------------------------------------------

   CREATE SEQUENCE  "USER_2024_OTI_MINI_TEAM5"."SEQ_DELIVERY_NUM"  MINVALUE 1 MAXVALUE 9999999999999999999999999999 INCREMENT BY 1 START WITH 64 CACHE 20 NOORDER  NOCYCLE  NOKEEP  NOSCALE  GLOBAL ;
--------------------------------------------------------
--  DDL for Sequence SEQ_HELPDESK_ID
--------------------------------------------------------

   CREATE SEQUENCE  "USER_2024_OTI_MINI_TEAM5"."SEQ_HELPDESK_ID"  MINVALUE 0 MAXVALUE 9999999999999999999999999999 INCREMENT BY 1 START WITH 120 CACHE 20 NOORDER  NOCYCLE  NOKEEP  NOSCALE  GLOBAL ;
--------------------------------------------------------
--  DDL for Sequence SEQ_NOTICE_ID
--------------------------------------------------------

   CREATE SEQUENCE  "USER_2024_OTI_MINI_TEAM5"."SEQ_NOTICE_ID"  MINVALUE 0 MAXVALUE 9999999999999999999999999999 INCREMENT BY 1 START WITH 120 CACHE 20 NOORDER  NOCYCLE  NOKEEP  NOSCALE  GLOBAL ;
--------------------------------------------------------
--  DDL for Sequence SEQ_ORDER_NUMBER
--------------------------------------------------------

   CREATE SEQUENCE  "USER_2024_OTI_MINI_TEAM5"."SEQ_ORDER_NUMBER"  MINVALUE 1 MAXVALUE 9999999999999999999999999999 INCREMENT BY 1 START WITH 73 CACHE 20 NOORDER  NOCYCLE  NOKEEP  NOSCALE  GLOBAL ;
--------------------------------------------------------
--  DDL for Sequence SEQ_PRODUCT_ID
--------------------------------------------------------

   CREATE SEQUENCE  "USER_2024_OTI_MINI_TEAM5"."SEQ_PRODUCT_ID"  MINVALUE 0 MAXVALUE 9999999999999999999999999999 INCREMENT BY 1 START WITH 180 CACHE 20 NOORDER  NOCYCLE  NOKEEP  NOSCALE  GLOBAL ;
--------------------------------------------------------
--  DDL for Sequence SEQ_PRODUCT_REVIEW_ID
--------------------------------------------------------

   CREATE SEQUENCE  "USER_2024_OTI_MINI_TEAM5"."SEQ_PRODUCT_REVIEW_ID"  MINVALUE 1 MAXVALUE 9999999999999999999999999999 INCREMENT BY 1 START WITH 66 CACHE 20 NOORDER  NOCYCLE  NOKEEP  NOSCALE  GLOBAL ;
--------------------------------------------------------
--  DDL for Table CART
--------------------------------------------------------

  CREATE TABLE "USER_2024_OTI_MINI_TEAM5"."CART" 
   (	"MEMBER_ID" VARCHAR2(12 BYTE), 
	"PRODUCT_ID" NUMBER, 
	"CART_COUNT" NUMBER(2,0)
   ) SEGMENT CREATION IMMEDIATE 
  PCTFREE 10 PCTUSED 40 INITRANS 1 MAXTRANS 255 
 NOCOMPRESS LOGGING
  STORAGE(INITIAL 65536 NEXT 1048576 MINEXTENTS 1 MAXEXTENTS 2147483645
  PCTINCREASE 0 FREELISTS 1 FREELIST GROUPS 1
  BUFFER_POOL DEFAULT FLASH_CACHE DEFAULT CELL_FLASH_CACHE DEFAULT)
  TABLESPACE "USERS" ;
--------------------------------------------------------
--  DDL for Table CATEGORY
--------------------------------------------------------

  CREATE TABLE "USER_2024_OTI_MINI_TEAM5"."CATEGORY" 
   (	"CATEGORY_NAME" VARCHAR2(100 BYTE)
   ) SEGMENT CREATION IMMEDIATE 
  PCTFREE 10 PCTUSED 40 INITRANS 1 MAXTRANS 255 
 NOCOMPRESS LOGGING
  STORAGE(INITIAL 65536 NEXT 1048576 MINEXTENTS 1 MAXEXTENTS 2147483645
  PCTINCREASE 0 FREELISTS 1 FREELIST GROUPS 1
  BUFFER_POOL DEFAULT FLASH_CACHE DEFAULT CELL_FLASH_CACHE DEFAULT)
  TABLESPACE "USERS" ;
--------------------------------------------------------
--  DDL for Table CENTER_IMAGE
--------------------------------------------------------

  CREATE TABLE "USER_2024_OTI_MINI_TEAM5"."CENTER_IMAGE" 
   (	"IMAGE_ORIGINAL_NAME" VARCHAR2(50 BYTE), 
	"IMAGE_TYPE" VARCHAR2(50 BYTE), 
	"IMAGE_DATA" BLOB, 
	"HELPDESK_ID" NUMBER, 
	"NOTICE_ID" NUMBER, 
	"PRODUCT_REVIEW_ID" NUMBER
   ) SEGMENT CREATION IMMEDIATE 
  PCTFREE 10 PCTUSED 40 INITRANS 1 MAXTRANS 255 
 NOCOMPRESS LOGGING
  STORAGE(INITIAL 65536 NEXT 1048576 MINEXTENTS 1 MAXEXTENTS 2147483645
  PCTINCREASE 0 FREELISTS 1 FREELIST GROUPS 1
  BUFFER_POOL DEFAULT FLASH_CACHE DEFAULT CELL_FLASH_CACHE DEFAULT)
  TABLESPACE "USERS" 
 LOB ("IMAGE_DATA") STORE AS SECUREFILE (
  TABLESPACE "USERS" ENABLE STORAGE IN ROW CHUNK 8192
  NOCACHE LOGGING  NOCOMPRESS  KEEP_DUPLICATES 
  STORAGE(INITIAL 106496 NEXT 1048576 MINEXTENTS 1 MAXEXTENTS 2147483645
  PCTINCREASE 0
  BUFFER_POOL DEFAULT FLASH_CACHE DEFAULT CELL_FLASH_CACHE DEFAULT)) ;
--------------------------------------------------------
--  DDL for Table HELPDESK
--------------------------------------------------------

  CREATE TABLE "USER_2024_OTI_MINI_TEAM5"."HELPDESK" 
   (	"HELPDESK_ID" NUMBER, 
	"HELPDESK_TITLE" VARCHAR2(300 BYTE), 
	"HELPDESK_CONTENT" CLOB, 
	"HELPDESK_DATETIME" TIMESTAMP (6), 
	"HELPDESK_VIEWS" NUMBER, 
	"LOCK_STATE" NUMBER(1,0), 
	"MEMBER_ID" VARCHAR2(12 BYTE)
   ) SEGMENT CREATION IMMEDIATE 
  PCTFREE 10 PCTUSED 40 INITRANS 1 MAXTRANS 255 
 NOCOMPRESS LOGGING
  STORAGE(INITIAL 65536 NEXT 1048576 MINEXTENTS 1 MAXEXTENTS 2147483645
  PCTINCREASE 0 FREELISTS 1 FREELIST GROUPS 1
  BUFFER_POOL DEFAULT FLASH_CACHE DEFAULT CELL_FLASH_CACHE DEFAULT)
  TABLESPACE "USERS" 
 LOB ("HELPDESK_CONTENT") STORE AS SECUREFILE (
  TABLESPACE "USERS" ENABLE STORAGE IN ROW CHUNK 8192
  NOCACHE LOGGING  NOCOMPRESS  KEEP_DUPLICATES 
  STORAGE(INITIAL 106496 NEXT 1048576 MINEXTENTS 1 MAXEXTENTS 2147483645
  PCTINCREASE 0
  BUFFER_POOL DEFAULT FLASH_CACHE DEFAULT CELL_FLASH_CACHE DEFAULT)) ;
--------------------------------------------------------
--  DDL for Table MEMBER
--------------------------------------------------------

  CREATE TABLE "USER_2024_OTI_MINI_TEAM5"."MEMBER" 
   (	"MEMBER_ID" VARCHAR2(12 BYTE), 
	"MEMBER_NAME" VARCHAR2(15 BYTE), 
	"MEMBER_PASSWORD" VARCHAR2(200 BYTE), 
	"MEMBER_BIRTHDAY" VARCHAR2(8 BYTE), 
	"MEMBER_EMAIL" VARCHAR2(30 BYTE), 
	"POST_NUM" NUMBER(5,0), 
	"ADDRESS" VARCHAR2(100 BYTE), 
	"ADDRESS_DETAIL" VARCHAR2(50 BYTE), 
	"PHONE_NUM" VARCHAR2(11 BYTE), 
	"MEMBER_QUESTION" NUMBER(2,0), 
	"MEMBER_ANSWER" VARCHAR2(30 BYTE), 
	"MEMBER_ROLE" VARCHAR2(20 BYTE), 
	"MEMBER_ENABLE" NUMBER(1,0)
   ) SEGMENT CREATION IMMEDIATE 
  PCTFREE 10 PCTUSED 40 INITRANS 1 MAXTRANS 255 
 NOCOMPRESS LOGGING
  STORAGE(INITIAL 65536 NEXT 1048576 MINEXTENTS 1 MAXEXTENTS 2147483645
  PCTINCREASE 0 FREELISTS 1 FREELIST GROUPS 1
  BUFFER_POOL DEFAULT FLASH_CACHE DEFAULT CELL_FLASH_CACHE DEFAULT)
  TABLESPACE "USERS" ;
--------------------------------------------------------
--  DDL for Table NOTICE
--------------------------------------------------------

  CREATE TABLE "USER_2024_OTI_MINI_TEAM5"."NOTICE" 
   (	"NOTICE_ID" NUMBER, 
	"NOTICE_TITLE" VARCHAR2(300 BYTE), 
	"NOTICE_DATETIME" TIMESTAMP (6), 
	"NOTICE_CONTENT" CLOB, 
	"NOTICE_VIEWS" NUMBER, 
	"MEMBER_ID" VARCHAR2(12 BYTE)
   ) SEGMENT CREATION IMMEDIATE 
  PCTFREE 10 PCTUSED 40 INITRANS 1 MAXTRANS 255 
 NOCOMPRESS LOGGING
  STORAGE(INITIAL 65536 NEXT 1048576 MINEXTENTS 1 MAXEXTENTS 2147483645
  PCTINCREASE 0 FREELISTS 1 FREELIST GROUPS 1
  BUFFER_POOL DEFAULT FLASH_CACHE DEFAULT CELL_FLASH_CACHE DEFAULT)
  TABLESPACE "USERS" 
 LOB ("NOTICE_CONTENT") STORE AS SECUREFILE (
  TABLESPACE "USERS" ENABLE STORAGE IN ROW CHUNK 8192
  NOCACHE LOGGING  NOCOMPRESS  KEEP_DUPLICATES 
  STORAGE(INITIAL 106496 NEXT 1048576 MINEXTENTS 1 MAXEXTENTS 2147483645
  PCTINCREASE 0
  BUFFER_POOL DEFAULT FLASH_CACHE DEFAULT CELL_FLASH_CACHE DEFAULT)) ;
--------------------------------------------------------
--  DDL for Table ORDER_PRODUCT
--------------------------------------------------------

  CREATE TABLE "USER_2024_OTI_MINI_TEAM5"."ORDER_PRODUCT" 
   (	"ORDER_NUMBER" NUMBER, 
	"PRODUCT_ID" NUMBER, 
	"ORDER_PRODUCT_COUNT" NUMBER, 
	"ORDER_PRODUCT_PRICE" NUMBER
   ) SEGMENT CREATION IMMEDIATE 
  PCTFREE 10 PCTUSED 40 INITRANS 1 MAXTRANS 255 
 NOCOMPRESS LOGGING
  STORAGE(INITIAL 65536 NEXT 1048576 MINEXTENTS 1 MAXEXTENTS 2147483645
  PCTINCREASE 0 FREELISTS 1 FREELIST GROUPS 1
  BUFFER_POOL DEFAULT FLASH_CACHE DEFAULT CELL_FLASH_CACHE DEFAULT)
  TABLESPACE "USERS" ;
--------------------------------------------------------
--  DDL for Table PRODUCT
--------------------------------------------------------

  CREATE TABLE "USER_2024_OTI_MINI_TEAM5"."PRODUCT" 
   (	"PRODUCT_ID" NUMBER, 
	"PRODUCT_NAME" VARCHAR2(100 BYTE), 
	"PRODUCT_PRICE" NUMBER, 
	"PRODUCT_DATETIME" TIMESTAMP (6), 
	"PRODUCT_DETAIL" CLOB, 
	"PRODUCT_STATE" VARCHAR2(100 BYTE), 
	"PRODUCT_STOCK" NUMBER(3,0), 
	"PRODUCT_RECOM" NUMBER(1,0), 
	"CATEGORY_NAME" VARCHAR2(100 BYTE), 
	"PRODUCT_NEW" NUMBER(1,0) DEFAULT 0, 
	"PRODUCT_BEST" NUMBER(1,0) DEFAULT 0
   ) SEGMENT CREATION IMMEDIATE 
  PCTFREE 10 PCTUSED 40 INITRANS 1 MAXTRANS 255 
 NOCOMPRESS LOGGING
  STORAGE(INITIAL 65536 NEXT 1048576 MINEXTENTS 1 MAXEXTENTS 2147483645
  PCTINCREASE 0 FREELISTS 1 FREELIST GROUPS 1
  BUFFER_POOL DEFAULT FLASH_CACHE DEFAULT CELL_FLASH_CACHE DEFAULT)
  TABLESPACE "USERS" 
 LOB ("PRODUCT_DETAIL") STORE AS SECUREFILE (
  TABLESPACE "USERS" ENABLE STORAGE IN ROW CHUNK 8192
  NOCACHE LOGGING  NOCOMPRESS  KEEP_DUPLICATES 
  STORAGE(INITIAL 106496 NEXT 1048576 MINEXTENTS 1 MAXEXTENTS 2147483645
  PCTINCREASE 0
  BUFFER_POOL DEFAULT FLASH_CACHE DEFAULT CELL_FLASH_CACHE DEFAULT)) ;
--------------------------------------------------------
--  DDL for Table PRODUCT_IMAGE
--------------------------------------------------------

  CREATE TABLE "USER_2024_OTI_MINI_TEAM5"."PRODUCT_IMAGE" 
   (	"PRODUCT_ID" NUMBER, 
	"PRODUCT_USECASE" VARCHAR2(20 BYTE), 
	"IMAGE_ORIGINAL_NAME" VARCHAR2(50 BYTE), 
	"IMAGE_TYPE" VARCHAR2(50 BYTE), 
	"IMAGE_DATA" BLOB
   ) SEGMENT CREATION IMMEDIATE 
  PCTFREE 10 PCTUSED 40 INITRANS 1 MAXTRANS 255 
 NOCOMPRESS LOGGING
  STORAGE(INITIAL 65536 NEXT 1048576 MINEXTENTS 1 MAXEXTENTS 2147483645
  PCTINCREASE 0 FREELISTS 1 FREELIST GROUPS 1
  BUFFER_POOL DEFAULT FLASH_CACHE DEFAULT CELL_FLASH_CACHE DEFAULT)
  TABLESPACE "USERS" 
 LOB ("IMAGE_DATA") STORE AS SECUREFILE (
  TABLESPACE "USERS" ENABLE STORAGE IN ROW CHUNK 8192
  NOCACHE LOGGING  NOCOMPRESS  KEEP_DUPLICATES 
  STORAGE(INITIAL 106496 NEXT 1048576 MINEXTENTS 1 MAXEXTENTS 2147483645
  PCTINCREASE 0
  BUFFER_POOL DEFAULT FLASH_CACHE DEFAULT CELL_FLASH_CACHE DEFAULT)) ;
--------------------------------------------------------
--  DDL for Table PRODUCT_REVIEW
--------------------------------------------------------

  CREATE TABLE "USER_2024_OTI_MINI_TEAM5"."PRODUCT_REVIEW" 
   (	"PRODUCT_REVIEW_ID" NUMBER, 
	"REVIEW_TITLE" VARCHAR2(300 BYTE), 
	"REVIEW_CONTENT" CLOB, 
	"REVIEW_POINT" NUMBER(1,0), 
	"REVIEW_VIEWS" NUMBER, 
	"REVIEW_DATE" TIMESTAMP (6), 
	"MEMBER_ID" VARCHAR2(12 BYTE), 
	"PRODUCT_ID" NUMBER
   ) SEGMENT CREATION IMMEDIATE 
  PCTFREE 10 PCTUSED 40 INITRANS 1 MAXTRANS 255 
 NOCOMPRESS LOGGING
  STORAGE(INITIAL 65536 NEXT 1048576 MINEXTENTS 1 MAXEXTENTS 2147483645
  PCTINCREASE 0 FREELISTS 1 FREELIST GROUPS 1
  BUFFER_POOL DEFAULT FLASH_CACHE DEFAULT CELL_FLASH_CACHE DEFAULT)
  TABLESPACE "USERS" 
 LOB ("REVIEW_CONTENT") STORE AS SECUREFILE (
  TABLESPACE "USERS" ENABLE STORAGE IN ROW CHUNK 8192
  NOCACHE LOGGING  NOCOMPRESS  KEEP_DUPLICATES 
  STORAGE(INITIAL 106496 NEXT 1048576 MINEXTENTS 1 MAXEXTENTS 2147483645
  PCTINCREASE 0
  BUFFER_POOL DEFAULT FLASH_CACHE DEFAULT CELL_FLASH_CACHE DEFAULT)) ;
--------------------------------------------------------
--  DDL for Table comment
--------------------------------------------------------

  CREATE TABLE "USER_2024_OTI_MINI_TEAM5"."comment" 
   (	"COMMENT_ID" NUMBER, 
	"COMMENT_CONTENT" VARCHAR2(1000 BYTE), 
	"COMMENT_DATETIME" TIMESTAMP (6), 
	"MEMBER_ID" VARCHAR2(12 BYTE), 
	"NOTICE_ID" NUMBER, 
	"HELPDESK_ID" NUMBER
   ) SEGMENT CREATION IMMEDIATE 
  PCTFREE 10 PCTUSED 40 INITRANS 1 MAXTRANS 255 
 NOCOMPRESS LOGGING
  STORAGE(INITIAL 65536 NEXT 1048576 MINEXTENTS 1 MAXEXTENTS 2147483645
  PCTINCREASE 0 FREELISTS 1 FREELIST GROUPS 1
  BUFFER_POOL DEFAULT FLASH_CACHE DEFAULT CELL_FLASH_CACHE DEFAULT)
  TABLESPACE "USERS" ;
--------------------------------------------------------
--  DDL for Table order
--------------------------------------------------------

  CREATE TABLE "USER_2024_OTI_MINI_TEAM5"."order" 
   (	"ORDER_NUMBER" NUMBER, 
	"ORDER_DATE" TIMESTAMP (6), 
	"ORDER_MEMO" VARCHAR2(300 BYTE), 
	"DELIVERY_NUM" NUMBER(12,0), 
	"DELIVERY_POST_NUM" NUMBER(5,0), 
	"DELIVERY_ADDRESS" VARCHAR2(100 BYTE), 
	"DELIVERY_ADDRESS_DETAIL" VARCHAR2(50 BYTE), 
	"RECEIVER_NAME" VARCHAR2(15 BYTE), 
	"RECEIVER_PHONE_NUM" VARCHAR2(11 BYTE), 
	"DELIVERY_MEMO" VARCHAR2(100 BYTE), 
	"DELIVERY_PRICE" NUMBER, 
	"DELIVERY_STATUS" VARCHAR2(100 BYTE), 
	"ORDER_TOTAL_PRICE" NUMBER, 
	"MEMBER_ID" VARCHAR2(12 BYTE)
   ) SEGMENT CREATION IMMEDIATE 
  PCTFREE 10 PCTUSED 40 INITRANS 1 MAXTRANS 255 
 NOCOMPRESS LOGGING
  STORAGE(INITIAL 65536 NEXT 1048576 MINEXTENTS 1 MAXEXTENTS 2147483645
  PCTINCREASE 0 FREELISTS 1 FREELIST GROUPS 1
  BUFFER_POOL DEFAULT FLASH_CACHE DEFAULT CELL_FLASH_CACHE DEFAULT)
  TABLESPACE "USERS" ;
REM INSERTING into USER_2024_OTI_MINI_TEAM5.CART
SET DEFINE OFF;
Insert into USER_2024_OTI_MINI_TEAM5.CART (MEMBER_ID,PRODUCT_ID,CART_COUNT) values ('gunn0128',22,1);
Insert into USER_2024_OTI_MINI_TEAM5.CART (MEMBER_ID,PRODUCT_ID,CART_COUNT) values ('gunn0128',19,1);
Insert into USER_2024_OTI_MINI_TEAM5.CART (MEMBER_ID,PRODUCT_ID,CART_COUNT) values ('admin',21,1);
Insert into USER_2024_OTI_MINI_TEAM5.CART (MEMBER_ID,PRODUCT_ID,CART_COUNT) values ('sh510',20,1);
Insert into USER_2024_OTI_MINI_TEAM5.CART (MEMBER_ID,PRODUCT_ID,CART_COUNT) values ('sh510',17,1);
Insert into USER_2024_OTI_MINI_TEAM5.CART (MEMBER_ID,PRODUCT_ID,CART_COUNT) values ('sh510',45,4);
Insert into USER_2024_OTI_MINI_TEAM5.CART (MEMBER_ID,PRODUCT_ID,CART_COUNT) values ('sh510',19,1);
Insert into USER_2024_OTI_MINI_TEAM5.CART (MEMBER_ID,PRODUCT_ID,CART_COUNT) values ('suramil93',45,3);
Insert into USER_2024_OTI_MINI_TEAM5.CART (MEMBER_ID,PRODUCT_ID,CART_COUNT) values ('admin',120,1);
Insert into USER_2024_OTI_MINI_TEAM5.CART (MEMBER_ID,PRODUCT_ID,CART_COUNT) values ('gunn0128',54,1);
Insert into USER_2024_OTI_MINI_TEAM5.CART (MEMBER_ID,PRODUCT_ID,CART_COUNT) values ('admin',44,1);
Insert into USER_2024_OTI_MINI_TEAM5.CART (MEMBER_ID,PRODUCT_ID,CART_COUNT) values ('yooni01',22,1);
Insert into USER_2024_OTI_MINI_TEAM5.CART (MEMBER_ID,PRODUCT_ID,CART_COUNT) values ('sh510',22,3);
Insert into USER_2024_OTI_MINI_TEAM5.CART (MEMBER_ID,PRODUCT_ID,CART_COUNT) values ('yooni01',15,1);
REM INSERTING into USER_2024_OTI_MINI_TEAM5.CATEGORY
SET DEFINE OFF;
Insert into USER_2024_OTI_MINI_TEAM5.CATEGORY (CATEGORY_NAME) values ('BREAD');
Insert into USER_2024_OTI_MINI_TEAM5.CATEGORY (CATEGORY_NAME) values ('CAKE');
Insert into USER_2024_OTI_MINI_TEAM5.CATEGORY (CATEGORY_NAME) values ('DESSERT');
REM INSERTING into USER_2024_OTI_MINI_TEAM5.CENTER_IMAGE
SET DEFINE OFF;
Insert into USER_2024_OTI_MINI_TEAM5.CENTER_IMAGE (IMAGE_ORIGINAL_NAME,IMAGE_TYPE,HELPDESK_ID,NOTICE_ID,PRODUCT_REVIEW_ID) values ('1725012009935-약과쿠키.jpg','image/jpeg',2,null,null);
Insert into USER_2024_OTI_MINI_TEAM5.CENTER_IMAGE (IMAGE_ORIGINAL_NAME,IMAGE_TYPE,HELPDESK_ID,NOTICE_ID,PRODUCT_REVIEW_ID) values ('티라미수','image/png',null,null,1);
Insert into USER_2024_OTI_MINI_TEAM5.CENTER_IMAGE (IMAGE_ORIGINAL_NAME,IMAGE_TYPE,HELPDESK_ID,NOTICE_ID,PRODUCT_REVIEW_ID) values ('그리오틴 케익(6EA).jpg','image/jpeg',null,81,null);
Insert into USER_2024_OTI_MINI_TEAM5.CENTER_IMAGE (IMAGE_ORIGINAL_NAME,IMAGE_TYPE,HELPDESK_ID,NOTICE_ID,PRODUCT_REVIEW_ID) values ('photo10.jpg','image/jpeg',8,null,null);
Insert into USER_2024_OTI_MINI_TEAM5.CENTER_IMAGE (IMAGE_ORIGINAL_NAME,IMAGE_TYPE,HELPDESK_ID,NOTICE_ID,PRODUCT_REVIEW_ID) values ('photo15.jpg','image/jpeg',9,null,null);
Insert into USER_2024_OTI_MINI_TEAM5.CENTER_IMAGE (IMAGE_ORIGINAL_NAME,IMAGE_TYPE,HELPDESK_ID,NOTICE_ID,PRODUCT_REVIEW_ID) values ('photo13.jpg','image/jpeg',10,null,null);
Insert into USER_2024_OTI_MINI_TEAM5.CENTER_IMAGE (IMAGE_ORIGINAL_NAME,IMAGE_TYPE,HELPDESK_ID,NOTICE_ID,PRODUCT_REVIEW_ID) values ('photo9.jpg','image/jpeg',11,null,null);
Insert into USER_2024_OTI_MINI_TEAM5.CENTER_IMAGE (IMAGE_ORIGINAL_NAME,IMAGE_TYPE,HELPDESK_ID,NOTICE_ID,PRODUCT_REVIEW_ID) values ('photo8.jpg','image/jpeg',12,null,null);
Insert into USER_2024_OTI_MINI_TEAM5.CENTER_IMAGE (IMAGE_ORIGINAL_NAME,IMAGE_TYPE,HELPDESK_ID,NOTICE_ID,PRODUCT_REVIEW_ID) values ('pngwing.com.png','image/png',null,60,null);
Insert into USER_2024_OTI_MINI_TEAM5.CENTER_IMAGE (IMAGE_ORIGINAL_NAME,IMAGE_TYPE,HELPDESK_ID,NOTICE_ID,PRODUCT_REVIEW_ID) values ('바게트빵','image/png',null,null,2);
Insert into USER_2024_OTI_MINI_TEAM5.CENTER_IMAGE (IMAGE_ORIGINAL_NAME,IMAGE_TYPE,HELPDESK_ID,NOTICE_ID,PRODUCT_REVIEW_ID) values ('1725012009935-약과쿠키.jpg','image/jpeg',null,7,null);
Insert into USER_2024_OTI_MINI_TEAM5.CENTER_IMAGE (IMAGE_ORIGINAL_NAME,IMAGE_TYPE,HELPDESK_ID,NOTICE_ID,PRODUCT_REVIEW_ID) values ('1725011743580-브라우니쿠키.jpg','image/jpeg',null,9,null);
Insert into USER_2024_OTI_MINI_TEAM5.CENTER_IMAGE (IMAGE_ORIGINAL_NAME,IMAGE_TYPE,HELPDESK_ID,NOTICE_ID,PRODUCT_REVIEW_ID) values ('1725012222506-초코청크파운드.png','image/png',null,12,null);
Insert into USER_2024_OTI_MINI_TEAM5.CENTER_IMAGE (IMAGE_ORIGINAL_NAME,IMAGE_TYPE,HELPDESK_ID,NOTICE_ID,PRODUCT_REVIEW_ID) values ('1724982597700-생딸기타르트.png','image/png',3,null,null);
Insert into USER_2024_OTI_MINI_TEAM5.CENTER_IMAGE (IMAGE_ORIGINAL_NAME,IMAGE_TYPE,HELPDESK_ID,NOTICE_ID,PRODUCT_REVIEW_ID) values ('1725012009936-에그타르트.jpg','image/jpeg',3,null,null);
Insert into USER_2024_OTI_MINI_TEAM5.CENTER_IMAGE (IMAGE_ORIGINAL_NAME,IMAGE_TYPE,HELPDESK_ID,NOTICE_ID,PRODUCT_REVIEW_ID) values ('1725012222506-초코청크파운드.png','image/png',3,null,null);
Insert into USER_2024_OTI_MINI_TEAM5.CENTER_IMAGE (IMAGE_ORIGINAL_NAME,IMAGE_TYPE,HELPDESK_ID,NOTICE_ID,PRODUCT_REVIEW_ID) values ('1725012009933-앙버터마카롱.jpg','image/jpeg',null,19,null);
Insert into USER_2024_OTI_MINI_TEAM5.CENTER_IMAGE (IMAGE_ORIGINAL_NAME,IMAGE_TYPE,HELPDESK_ID,NOTICE_ID,PRODUCT_REVIEW_ID) values ('1725352040500-photo4.jpg','image/jpeg',null,19,null);
Insert into USER_2024_OTI_MINI_TEAM5.CENTER_IMAGE (IMAGE_ORIGINAL_NAME,IMAGE_TYPE,HELPDESK_ID,NOTICE_ID,PRODUCT_REVIEW_ID) values ('1725528810202-photo1.jpg','image/jpeg',null,19,null);
Insert into USER_2024_OTI_MINI_TEAM5.CENTER_IMAGE (IMAGE_ORIGINAL_NAME,IMAGE_TYPE,HELPDESK_ID,NOTICE_ID,PRODUCT_REVIEW_ID) values ('photo15.jpg','image/jpeg',21,null,null);
Insert into USER_2024_OTI_MINI_TEAM5.CENTER_IMAGE (IMAGE_ORIGINAL_NAME,IMAGE_TYPE,HELPDESK_ID,NOTICE_ID,PRODUCT_REVIEW_ID) values ('시나모롤.jfif','image/jpeg',43,null,null);
Insert into USER_2024_OTI_MINI_TEAM5.CENTER_IMAGE (IMAGE_ORIGINAL_NAME,IMAGE_TYPE,HELPDESK_ID,NOTICE_ID,PRODUCT_REVIEW_ID) values ('티라미수.jpg','image/jpeg',61,null,null);
Insert into USER_2024_OTI_MINI_TEAM5.CENTER_IMAGE (IMAGE_ORIGINAL_NAME,IMAGE_TYPE,HELPDESK_ID,NOTICE_ID,PRODUCT_REVIEW_ID) values ('1725012009933-앙버터마카롱.jpg','image/jpeg',null,20,null);
Insert into USER_2024_OTI_MINI_TEAM5.CENTER_IMAGE (IMAGE_ORIGINAL_NAME,IMAGE_TYPE,HELPDESK_ID,NOTICE_ID,PRODUCT_REVIEW_ID) values ('1725352040500-photo4.jpg','image/jpeg',null,20,null);
Insert into USER_2024_OTI_MINI_TEAM5.CENTER_IMAGE (IMAGE_ORIGINAL_NAME,IMAGE_TYPE,HELPDESK_ID,NOTICE_ID,PRODUCT_REVIEW_ID) values ('1725528810202-photo1.jpg','image/jpeg',null,20,null);
Insert into USER_2024_OTI_MINI_TEAM5.CENTER_IMAGE (IMAGE_ORIGINAL_NAME,IMAGE_TYPE,HELPDESK_ID,NOTICE_ID,PRODUCT_REVIEW_ID) values ('그리오틴후기임당','image/png',null,null,4);
REM INSERTING into USER_2024_OTI_MINI_TEAM5.HELPDESK
SET DEFINE OFF;
Insert into USER_2024_OTI_MINI_TEAM5.HELPDESK (HELPDESK_ID,HELPDESK_TITLE,HELPDESK_DATETIME,HELPDESK_VIEWS,LOCK_STATE,MEMBER_ID) values (1,'자물쇠 표시 여부 확인',to_timestamp('24/09/12 16:46:02.000000000','RR/MM/DD HH24:MI:SSXFF'),0,1,'admin');
Insert into USER_2024_OTI_MINI_TEAM5.HELPDESK (HELPDESK_ID,HELPDESK_TITLE,HELPDESK_DATETIME,HELPDESK_VIEWS,LOCK_STATE,MEMBER_ID) values (2,'이미지 출력 테스트',to_timestamp('24/09/12 16:50:00.000000000','RR/MM/DD HH24:MI:SSXFF'),0,1,'admin');
Insert into USER_2024_OTI_MINI_TEAM5.HELPDESK (HELPDESK_ID,HELPDESK_TITLE,HELPDESK_DATETIME,HELPDESK_VIEWS,LOCK_STATE,MEMBER_ID) values (8,'게시글 글채워야 댐',to_timestamp('24/09/13 17:21:16.000000000','RR/MM/DD HH24:MI:SSXFF'),1,0,'admin');
Insert into USER_2024_OTI_MINI_TEAM5.HELPDESK (HELPDESK_ID,HELPDESK_TITLE,HELPDESK_DATETIME,HELPDESK_VIEWS,LOCK_STATE,MEMBER_ID) values (10,'문의가 있을락 말락',to_timestamp('24/09/13 17:21:55.000000000','RR/MM/DD HH24:MI:SSXFF'),0,0,'admin');
Insert into USER_2024_OTI_MINI_TEAM5.HELPDESK (HELPDESK_ID,HELPDESK_TITLE,HELPDESK_DATETIME,HELPDESK_VIEWS,LOCK_STATE,MEMBER_ID) values (9,'문의있어요!',to_timestamp('24/09/13 17:21:41.000000000','RR/MM/DD HH24:MI:SSXFF'),0,0,'admin');
Insert into USER_2024_OTI_MINI_TEAM5.HELPDESK (HELPDESK_ID,HELPDESK_TITLE,HELPDESK_DATETIME,HELPDESK_VIEWS,LOCK_STATE,MEMBER_ID) values (11,'언제 채울수 있으려나',to_timestamp('24/09/13 17:22:12.000000000','RR/MM/DD HH24:MI:SSXFF'),0,0,'admin');
Insert into USER_2024_OTI_MINI_TEAM5.HELPDESK (HELPDESK_ID,HELPDESK_TITLE,HELPDESK_DATETIME,HELPDESK_VIEWS,LOCK_STATE,MEMBER_ID) values (12,'소센스',to_timestamp('24/09/13 17:22:29.000000000','RR/MM/DD HH24:MI:SSXFF'),0,0,'admin');
Insert into USER_2024_OTI_MINI_TEAM5.HELPDESK (HELPDESK_ID,HELPDESK_TITLE,HELPDESK_DATETIME,HELPDESK_VIEWS,LOCK_STATE,MEMBER_ID) values (13,'문의사항문의데스',to_timestamp('24/09/13 17:22:45.000000000','RR/MM/DD HH24:MI:SSXFF'),1,0,'admin');
Insert into USER_2024_OTI_MINI_TEAM5.HELPDESK (HELPDESK_ID,HELPDESK_TITLE,HELPDESK_DATETIME,HELPDESK_VIEWS,LOCK_STATE,MEMBER_ID) values (14,'문의야! 문희야! 문희사항아!',to_timestamp('24/09/13 17:23:01.000000000','RR/MM/DD HH24:MI:SSXFF'),1,0,'admin');
Insert into USER_2024_OTI_MINI_TEAM5.HELPDESK (HELPDESK_ID,HELPDESK_TITLE,HELPDESK_DATETIME,HELPDESK_VIEWS,LOCK_STATE,MEMBER_ID) values (15,'근데 이거',to_timestamp('24/09/13 17:42:40.000000000','RR/MM/DD HH24:MI:SSXFF'),0,1,'admin');
Insert into USER_2024_OTI_MINI_TEAM5.HELPDESK (HELPDESK_ID,HELPDESK_TITLE,HELPDESK_DATETIME,HELPDESK_VIEWS,LOCK_STATE,MEMBER_ID) values (16,'게시글 비공개 되려나',to_timestamp('24/09/13 17:42:55.000000000','RR/MM/DD HH24:MI:SSXFF'),7,1,'admin');
Insert into USER_2024_OTI_MINI_TEAM5.HELPDESK (HELPDESK_ID,HELPDESK_TITLE,HELPDESK_DATETIME,HELPDESK_VIEWS,LOCK_STATE,MEMBER_ID) values (17,'드디어 글이 2번째로 넘어갔군',to_timestamp('24/09/13 17:43:11.000000000','RR/MM/DD HH24:MI:SSXFF'),0,0,'admin');
Insert into USER_2024_OTI_MINI_TEAM5.HELPDESK (HELPDESK_ID,HELPDESK_TITLE,HELPDESK_DATETIME,HELPDESK_VIEWS,LOCK_STATE,MEMBER_ID) values (60,'케이크 조각으론 언제 나올까요?',to_timestamp('24/09/27 17:25:32.000000000','RR/MM/DD HH24:MI:SSXFF'),16,1,'sh510');
Insert into USER_2024_OTI_MINI_TEAM5.HELPDESK (HELPDESK_ID,HELPDESK_TITLE,HELPDESK_DATETIME,HELPDESK_VIEWS,LOCK_STATE,MEMBER_ID) values (3,'문의사항 이미지 테스트',to_timestamp('24/09/12 17:25:31.000000000','RR/MM/DD HH24:MI:SSXFF'),1,0,'admin');
Insert into USER_2024_OTI_MINI_TEAM5.HELPDESK (HELPDESK_ID,HELPDESK_TITLE,HELPDESK_DATETIME,HELPDESK_VIEWS,LOCK_STATE,MEMBER_ID) values (21,'베스트 상품 품절 문의',to_timestamp('24/09/19 12:00:32.000000000','RR/MM/DD HH24:MI:SSXFF'),4,0,'suramil93');
Insert into USER_2024_OTI_MINI_TEAM5.HELPDESK (HELPDESK_ID,HELPDESK_TITLE,HELPDESK_DATETIME,HELPDESK_VIEWS,LOCK_STATE,MEMBER_ID) values (43,'어르신들이 먹기좋은 케이크가 뭔가요',to_timestamp('24/09/26 11:08:58.000000000','RR/MM/DD HH24:MI:SSXFF'),13,0,'wndrjs01');
Insert into USER_2024_OTI_MINI_TEAM5.HELPDESK (HELPDESK_ID,HELPDESK_TITLE,HELPDESK_DATETIME,HELPDESK_VIEWS,LOCK_STATE,MEMBER_ID) values (61,'티라미수 몇 인분 인가요??',to_timestamp('24/09/27 19:05:30.000000000','RR/MM/DD HH24:MI:SSXFF'),7,1,'suramil93');
Insert into USER_2024_OTI_MINI_TEAM5.HELPDESK (HELPDESK_ID,HELPDESK_TITLE,HELPDESK_DATETIME,HELPDESK_VIEWS,LOCK_STATE,MEMBER_ID) values (80,'가또 쇼콜라 당도 조절은 불가한가요?',to_timestamp('24/10/01 10:18:55.000000000','RR/MM/DD HH24:MI:SSXFF'),12,0,'yooni01');
Insert into USER_2024_OTI_MINI_TEAM5.HELPDESK (HELPDESK_ID,HELPDESK_TITLE,HELPDESK_DATETIME,HELPDESK_VIEWS,LOCK_STATE,MEMBER_ID) values (41,'꼬끼유 포장 안전하게 가능부탁드립니다.',to_timestamp('24/09/25 14:39:20.000000000','RR/MM/DD HH24:MI:SSXFF'),29,0,'yooni01');
Insert into USER_2024_OTI_MINI_TEAM5.HELPDESK (HELPDESK_ID,HELPDESK_TITLE,HELPDESK_DATETIME,HELPDESK_VIEWS,LOCK_STATE,MEMBER_ID) values (40,'티라미수 케이크 관련 문의입니다.',to_timestamp('24/09/25 14:31:35.000000000','RR/MM/DD HH24:MI:SSXFF'),29,0,'yooni01');
Insert into USER_2024_OTI_MINI_TEAM5.HELPDESK (HELPDESK_ID,HELPDESK_TITLE,HELPDESK_DATETIME,HELPDESK_VIEWS,LOCK_STATE,MEMBER_ID) values (42,'빵 실온보관 문의드립니다.',to_timestamp('24/09/25 14:39:20.000000000','RR/MM/DD HH24:MI:SSXFF'),22,0,'yooni01');
Insert into USER_2024_OTI_MINI_TEAM5.HELPDESK (HELPDESK_ID,HELPDESK_TITLE,HELPDESK_DATETIME,HELPDESK_VIEWS,LOCK_STATE,MEMBER_ID) values (44,'케이크 추천문의입니다.',to_timestamp('24/09/26 11:40:41.000000000','RR/MM/DD HH24:MI:SSXFF'),89,0,'sh510');
Insert into USER_2024_OTI_MINI_TEAM5.HELPDESK (HELPDESK_ID,HELPDESK_TITLE,HELPDESK_DATETIME,HELPDESK_VIEWS,LOCK_STATE,MEMBER_ID) values (102,'빠리지앵은 언제쯤 입고가 될까요?',to_timestamp('24/10/07 00:39:29.000000000','RR/MM/DD HH24:MI:SSXFF'),8,0,'sh510');
Insert into USER_2024_OTI_MINI_TEAM5.HELPDESK (HELPDESK_ID,HELPDESK_TITLE,HELPDESK_DATETIME,HELPDESK_VIEWS,LOCK_STATE,MEMBER_ID) values (82,'다른 맛도 만들어줘요 넘 맛있따',to_timestamp('24/10/01 10:50:28.000000000','RR/MM/DD HH24:MI:SSXFF'),6,0,'yooni01');
REM INSERTING into USER_2024_OTI_MINI_TEAM5.MEMBER
SET DEFINE OFF;
Insert into USER_2024_OTI_MINI_TEAM5.MEMBER (MEMBER_ID,MEMBER_NAME,MEMBER_PASSWORD,MEMBER_BIRTHDAY,MEMBER_EMAIL,POST_NUM,ADDRESS,ADDRESS_DETAIL,PHONE_NUM,MEMBER_QUESTION,MEMBER_ANSWER,MEMBER_ROLE,MEMBER_ENABLE) values ('admin','관리자','{noop}admin1234','19930911','admin1234@gmail.com',2,'서울시 동작구 이수역 어딘가','이수역 ','01012345678',1,'검정색','ROLE_ADMIN',1);
Insert into USER_2024_OTI_MINI_TEAM5.MEMBER (MEMBER_ID,MEMBER_NAME,MEMBER_PASSWORD,MEMBER_BIRTHDAY,MEMBER_EMAIL,POST_NUM,ADDRESS,ADDRESS_DETAIL,PHONE_NUM,MEMBER_QUESTION,MEMBER_ANSWER,MEMBER_ROLE,MEMBER_ENABLE) values ('gunn0128','안중건','{bcrypt}$2a$10$VZvWalA7RYqliVhS2EwALuQlqwVonPMF61/OuThV/2f/amRaKsLHa','20200609','gunn0128@daum.net',28562,'충북 청주시 서원구 1순환로 627','402호','01022224444',1,'검정색','ROLE_USER',0);
Insert into USER_2024_OTI_MINI_TEAM5.MEMBER (MEMBER_ID,MEMBER_NAME,MEMBER_PASSWORD,MEMBER_BIRTHDAY,MEMBER_EMAIL,POST_NUM,ADDRESS,ADDRESS_DETAIL,PHONE_NUM,MEMBER_QUESTION,MEMBER_ANSWER,MEMBER_ROLE,MEMBER_ENABLE) values ('sh510','엄상식','{bcrypt}$2a$10$csWwUDNZPcSIG1DvpURnIegqgTbwX8/X8cplJoUDJKkHOiwtkBhAC','19600110','sh510@naver.com',3075,'서울 종로구 창경궁로 273','402호','01048483131',1,'검정색','ROLE_USER',1);
Insert into USER_2024_OTI_MINI_TEAM5.MEMBER (MEMBER_ID,MEMBER_NAME,MEMBER_PASSWORD,MEMBER_BIRTHDAY,MEMBER_EMAIL,POST_NUM,ADDRESS,ADDRESS_DETAIL,PHONE_NUM,MEMBER_QUESTION,MEMBER_ANSWER,MEMBER_ROLE,MEMBER_ENABLE) values ('wndrjs03','안중건','{bcrypt}$2a$10$fEpnCujcHLSqsG2w2RTkHO0NbCvsYP5vY.I54PvnwoZUsGcoFk7ue','20210503','gunn0128@aaaaa.com',28562,'충북 청주시 서원구 1순환로 627',null,'01138254444',1,'aaaaa','ROLE_USER',0);
Insert into USER_2024_OTI_MINI_TEAM5.MEMBER (MEMBER_ID,MEMBER_NAME,MEMBER_PASSWORD,MEMBER_BIRTHDAY,MEMBER_EMAIL,POST_NUM,ADDRESS,ADDRESS_DETAIL,PHONE_NUM,MEMBER_QUESTION,MEMBER_ANSWER,MEMBER_ROLE,MEMBER_ENABLE) values ('yooni01','양정윤','{bcrypt}$2a$10$bGwIPAD4ISx69W.mrnjF0OCkzj3wEPK0Zrx0JwZLa4m93Iyxb.Ku2','2001716','backyang0716@gmail.com',5741,'서울 송파구 오금로 405','1동 705호','01076583716',3,'서울가동초등학교','ROLE_USER',1);
Insert into USER_2024_OTI_MINI_TEAM5.MEMBER (MEMBER_ID,MEMBER_NAME,MEMBER_PASSWORD,MEMBER_BIRTHDAY,MEMBER_EMAIL,POST_NUM,ADDRESS,ADDRESS_DETAIL,PHONE_NUM,MEMBER_QUESTION,MEMBER_ANSWER,MEMBER_ROLE,MEMBER_ENABLE) values ('suramil93','나길주','{bcrypt}$2a$10$QqSM3T7ulesxW7STwpjio.ze6a25rL6Sc/bSX9.5E5s5rZ8GczORi','19930606','backyang2121@naver.com',16619,'경기 수원시 권선구 권선로357번길 30','402호','01112343456',1,'검정색','ROLE_USER',1);
Insert into USER_2024_OTI_MINI_TEAM5.MEMBER (MEMBER_ID,MEMBER_NAME,MEMBER_PASSWORD,MEMBER_BIRTHDAY,MEMBER_EMAIL,POST_NUM,ADDRESS,ADDRESS_DETAIL,PHONE_NUM,MEMBER_QUESTION,MEMBER_ANSWER,MEMBER_ROLE,MEMBER_ENABLE) values ('gunn011','안중건','{bcrypt}$2a$10$YdeBxY8U9ays8rhgTXIMf.VtgH5wyQc0RmYKBIs.mAlbWozFw0t4O','20150213','gunn0128@daum.net',28562,'충북 청주시 서원구 1순환로 627',null,'01011111111',1,'검정색','ROLE_USER',1);
Insert into USER_2024_OTI_MINI_TEAM5.MEMBER (MEMBER_ID,MEMBER_NAME,MEMBER_PASSWORD,MEMBER_BIRTHDAY,MEMBER_EMAIL,POST_NUM,ADDRESS,ADDRESS_DETAIL,PHONE_NUM,MEMBER_QUESTION,MEMBER_ANSWER,MEMBER_ROLE,MEMBER_ENABLE) values ('aaaa01','안중건','{bcrypt}$2a$10$OOToTaP4b70zxpb9lFhMCuAdUbuw4dFr3TQNtWBicjfiRpNlyUEda','20200508','aaaa@naver.com',28562,'충북 청주시 서원구 1순환로 627','aaaa','0101111aaaa',1,'aaaaa','ROLE_USER',1);
Insert into USER_2024_OTI_MINI_TEAM5.MEMBER (MEMBER_ID,MEMBER_NAME,MEMBER_PASSWORD,MEMBER_BIRTHDAY,MEMBER_EMAIL,POST_NUM,ADDRESS,ADDRESS_DETAIL,PHONE_NUM,MEMBER_QUESTION,MEMBER_ANSWER,MEMBER_ROLE,MEMBER_ENABLE) values ('as125','안솔희','{bcrypt}$2a$10$XJlqq8U5ebz3NWgzFyVfk.yd6sfhVRFReuofdpz.MWyPT4Mx7bgCS','20240101','as125@naver.com',13485,'경기 성남시 분당구 판교로 20','402호','01056542442',1,'검정색','ROLE_USER',1);
Insert into USER_2024_OTI_MINI_TEAM5.MEMBER (MEMBER_ID,MEMBER_NAME,MEMBER_PASSWORD,MEMBER_BIRTHDAY,MEMBER_EMAIL,POST_NUM,ADDRESS,ADDRESS_DETAIL,PHONE_NUM,MEMBER_QUESTION,MEMBER_ANSWER,MEMBER_ROLE,MEMBER_ENABLE) values ('gksrmfdkdlel','어깨춤','{bcrypt}$2a$10$Tv08ReUXa7b7kdH/doEz0eL.b.nmZ8s7clxrsYBTihma3fBUkYD4i','202412','dlstka@naver.com',39810,'경북 칠곡군 북삼읍 인강1길 6','인삼','01001055674',1,'검정색','ROLE_USER',1);
Insert into USER_2024_OTI_MINI_TEAM5.MEMBER (MEMBER_ID,MEMBER_NAME,MEMBER_PASSWORD,MEMBER_BIRTHDAY,MEMBER_EMAIL,POST_NUM,ADDRESS,ADDRESS_DETAIL,PHONE_NUM,MEMBER_QUESTION,MEMBER_ANSWER,MEMBER_ROLE,MEMBER_ENABLE) values ('aaaaaa','ads','AAAAaaaa1234!!','20010122','aaaa223@gmail.com',41498,'대구 북구 노원동3가 521','23232','01033332222',5,'a','ROLE_USER',1);
Insert into USER_2024_OTI_MINI_TEAM5.MEMBER (MEMBER_ID,MEMBER_NAME,MEMBER_PASSWORD,MEMBER_BIRTHDAY,MEMBER_EMAIL,POST_NUM,ADDRESS,ADDRESS_DETAIL,PHONE_NUM,MEMBER_QUESTION,MEMBER_ANSWER,MEMBER_ROLE,MEMBER_ENABLE) values ('yeonzi','양연지','{bcrypt}$2a$10$p6nCUj0c78w6TlXRXwKiMe27cViJElgLqPYBToeN/AqtNcmoJl3uy','20111024','backyang0716@gmail.com',5741,'서울 송파구 오금로 405','1동 705호','01076583716',1,'보라색','ROLE_USER',1);
Insert into USER_2024_OTI_MINI_TEAM5.MEMBER (MEMBER_ID,MEMBER_NAME,MEMBER_PASSWORD,MEMBER_BIRTHDAY,MEMBER_EMAIL,POST_NUM,ADDRESS,ADDRESS_DETAIL,PHONE_NUM,MEMBER_QUESTION,MEMBER_ANSWER,MEMBER_ROLE,MEMBER_ENABLE) values ('rlawlsdi','김진야','{bcrypt}$2a$10$gXAuJPb2bH/W6LWlUK6T4ekNXdMcUYSrAsZneZNypvoir3/rAQwBG','201731','ohmygod@naver.com',13590,'경기 성남시 분당구 황새울로359번길 7','황새가우네','01048483212',1,'검정색','ROLE_USER',1);
Insert into USER_2024_OTI_MINI_TEAM5.MEMBER (MEMBER_ID,MEMBER_NAME,MEMBER_PASSWORD,MEMBER_BIRTHDAY,MEMBER_EMAIL,POST_NUM,ADDRESS,ADDRESS_DETAIL,PHONE_NUM,MEMBER_QUESTION,MEMBER_ANSWER,MEMBER_ROLE,MEMBER_ENABLE) values ('wndrjs01','안중건','{bcrypt}$2a$10$3BxxHh6Ue2JC7AEX42dXmOMNB.4VAjq.9HWRxtIZOtwnH1508aL0y','20230305','gunn0128@naver.com',28562,'충북 청주시 서원구 1순환로 627','402호','01112341234',1,'파란색','ROLE_USER',1);
Insert into USER_2024_OTI_MINI_TEAM5.MEMBER (MEMBER_ID,MEMBER_NAME,MEMBER_PASSWORD,MEMBER_BIRTHDAY,MEMBER_EMAIL,POST_NUM,ADDRESS,ADDRESS_DETAIL,PHONE_NUM,MEMBER_QUESTION,MEMBER_ANSWER,MEMBER_ROLE,MEMBER_ENABLE) values ('wndrjs02','안중건','{bcrypt}$2a$10$xkN6EvixNQewnVZfDC2nw.mzoPx75VZqxL/3MHifadm317DwAnhbe','20130306','gunn0128@gmail.com',28562,'충북 청주시 서원구 1순환로 627','402호','01033331160',1,'검정색','ROLE_USER',0);
REM INSERTING into USER_2024_OTI_MINI_TEAM5.NOTICE
SET DEFINE OFF;
Insert into USER_2024_OTI_MINI_TEAM5.NOTICE (NOTICE_ID,NOTICE_TITLE,NOTICE_DATETIME,NOTICE_VIEWS,MEMBER_ID) values (102,'10월 감사 이벤트 취소 공지',to_timestamp('24/10/06 19:51:25.000000000','RR/MM/DD HH24:MI:SSXFF'),9,'admin');
Insert into USER_2024_OTI_MINI_TEAM5.NOTICE (NOTICE_ID,NOTICE_TITLE,NOTICE_DATETIME,NOTICE_VIEWS,MEMBER_ID) values (81,'배송 지연의 건에 대한 안내',to_timestamp('24/09/22 17:39:43.000000000','RR/MM/DD HH24:MI:SSXFF'),16,'admin');
Insert into USER_2024_OTI_MINI_TEAM5.NOTICE (NOTICE_ID,NOTICE_TITLE,NOTICE_DATETIME,NOTICE_VIEWS,MEMBER_ID) values (5,'테스트제목',to_timestamp('24/09/11 17:27:50.000000000','RR/MM/DD HH24:MI:SSXFF'),0,'admin');
Insert into USER_2024_OTI_MINI_TEAM5.NOTICE (NOTICE_ID,NOTICE_TITLE,NOTICE_DATETIME,NOTICE_VIEWS,MEMBER_ID) values (18,'1+1 이벤트 품목 안내',to_timestamp('24/09/12 11:56:21.000000000','RR/MM/DD HH24:MI:SSXFF'),4,'admin');
Insert into USER_2024_OTI_MINI_TEAM5.NOTICE (NOTICE_ID,NOTICE_TITLE,NOTICE_DATETIME,NOTICE_VIEWS,MEMBER_ID) values (40,'매진 상품에 대한 안내',to_timestamp('24/09/20 11:52:34.000000000','RR/MM/DD HH24:MI:SSXFF'),6,'admin');
Insert into USER_2024_OTI_MINI_TEAM5.NOTICE (NOTICE_ID,NOTICE_TITLE,NOTICE_DATETIME,NOTICE_VIEWS,MEMBER_ID) values (60,'10월 신상품 목록 안내',to_timestamp('24/09/21 20:12:04.000000000','RR/MM/DD HH24:MI:SSXFF'),6,'admin');
Insert into USER_2024_OTI_MINI_TEAM5.NOTICE (NOTICE_ID,NOTICE_TITLE,NOTICE_DATETIME,NOTICE_VIEWS,MEMBER_ID) values (7,'테스트제목목',to_timestamp('24/09/11 17:31:11.000000000','RR/MM/DD HH24:MI:SSXFF'),0,'admin');
Insert into USER_2024_OTI_MINI_TEAM5.NOTICE (NOTICE_ID,NOTICE_TITLE,NOTICE_DATETIME,NOTICE_VIEWS,MEMBER_ID) values (9,'올라앗신',to_timestamp('24/09/11 17:32:34.000000000','RR/MM/DD HH24:MI:SSXFF'),0,'admin');
Insert into USER_2024_OTI_MINI_TEAM5.NOTICE (NOTICE_ID,NOTICE_TITLE,NOTICE_DATETIME,NOTICE_VIEWS,MEMBER_ID) values (12,'찐막테스트진짜리얼찐막',to_timestamp('24/09/11 17:40:22.000000000','RR/MM/DD HH24:MI:SSXFF'),0,'admin');
Insert into USER_2024_OTI_MINI_TEAM5.NOTICE (NOTICE_ID,NOTICE_TITLE,NOTICE_DATETIME,NOTICE_VIEWS,MEMBER_ID) values (19,'1+1 이벤트에 대한 상세 안내',to_timestamp('24/09/12 18:06:10.000000000','RR/MM/DD HH24:MI:SSXFF'),0,'admin');
Insert into USER_2024_OTI_MINI_TEAM5.NOTICE (NOTICE_ID,NOTICE_TITLE,NOTICE_DATETIME,NOTICE_VIEWS,MEMBER_ID) values (101,'돌아온 10월의 배송비 무료 이벤트',to_timestamp('24/10/06 18:58:26.000000000','RR/MM/DD HH24:MI:SSXFF'),2,'admin');
Insert into USER_2024_OTI_MINI_TEAM5.NOTICE (NOTICE_ID,NOTICE_TITLE,NOTICE_DATETIME,NOTICE_VIEWS,MEMBER_ID) values (13,'일단 적어봅니다. 개행 테스트.',to_timestamp('24/09/11 18:21:08.000000000','RR/MM/DD HH24:MI:SSXFF'),1,'admin');
Insert into USER_2024_OTI_MINI_TEAM5.NOTICE (NOTICE_ID,NOTICE_TITLE,NOTICE_DATETIME,NOTICE_VIEWS,MEMBER_ID) values (1,'견본테스트',to_timestamp('24/09/11 17:21:07.000000000','RR/MM/DD HH24:MI:SSXFF'),0,'admin');
Insert into USER_2024_OTI_MINI_TEAM5.NOTICE (NOTICE_ID,NOTICE_TITLE,NOTICE_DATETIME,NOTICE_VIEWS,MEMBER_ID) values (3,'테스트제목',to_timestamp('24/09/11 17:23:02.000000000','RR/MM/DD HH24:MI:SSXFF'),0,'admin');
Insert into USER_2024_OTI_MINI_TEAM5.NOTICE (NOTICE_ID,NOTICE_TITLE,NOTICE_DATETIME,NOTICE_VIEWS,MEMBER_ID) values (14,'일단 적어봅니다. 개행 테스트.',to_timestamp('24/08/20 18:30:38.000000000','RR/MM/DD HH24:MI:SSXFF'),3,'admin');
Insert into USER_2024_OTI_MINI_TEAM5.NOTICE (NOTICE_ID,NOTICE_TITLE,NOTICE_DATETIME,NOTICE_VIEWS,MEMBER_ID) values (15,'9월 신상품 목록 안내',to_timestamp('24/08/20 18:31:42.000000000','RR/MM/DD HH24:MI:SSXFF'),2,'admin');
Insert into USER_2024_OTI_MINI_TEAM5.NOTICE (NOTICE_ID,NOTICE_TITLE,NOTICE_DATETIME,NOTICE_VIEWS,MEMBER_ID) values (16,'9월 인기 상품에 대한 할인 목록',to_timestamp('24/09/10 18:33:43.000000000','RR/MM/DD HH24:MI:SSXFF'),1,'admin');
Insert into USER_2024_OTI_MINI_TEAM5.NOTICE (NOTICE_ID,NOTICE_TITLE,NOTICE_DATETIME,NOTICE_VIEWS,MEMBER_ID) values (17,'9월 고객 감사 이벤트 예정 안내',to_timestamp('24/09/11 18:34:41.000000000','RR/MM/DD HH24:MI:SSXFF'),1,'admin');
Insert into USER_2024_OTI_MINI_TEAM5.NOTICE (NOTICE_ID,NOTICE_TITLE,NOTICE_DATETIME,NOTICE_VIEWS,MEMBER_ID) values (83,'9월 추석 할인 이벤트',to_timestamp('24/09/22 17:40:01.000000000','RR/MM/DD HH24:MI:SSXFF'),12,'admin');
Insert into USER_2024_OTI_MINI_TEAM5.NOTICE (NOTICE_ID,NOTICE_TITLE,NOTICE_DATETIME,NOTICE_VIEWS,MEMBER_ID) values (10,'마지막테스트젭알',to_timestamp('24/09/11 17:38:11.000000000','RR/MM/DD HH24:MI:SSXFF'),0,'admin');
Insert into USER_2024_OTI_MINI_TEAM5.NOTICE (NOTICE_ID,NOTICE_TITLE,NOTICE_DATETIME,NOTICE_VIEWS,MEMBER_ID) values (11,'마지막테스트젭알',to_timestamp('24/09/11 17:38:56.000000000','RR/MM/DD HH24:MI:SSXFF'),0,'admin');
Insert into USER_2024_OTI_MINI_TEAM5.NOTICE (NOTICE_ID,NOTICE_TITLE,NOTICE_DATETIME,NOTICE_VIEWS,MEMBER_ID) values (20,'구매시 오류에 대한 안내',to_timestamp('24/09/12 18:13:18.000000000','RR/MM/DD HH24:MI:SSXFF'),13,'admin');
REM INSERTING into USER_2024_OTI_MINI_TEAM5.ORDER_PRODUCT
SET DEFINE OFF;
Insert into USER_2024_OTI_MINI_TEAM5.ORDER_PRODUCT (ORDER_NUMBER,PRODUCT_ID,ORDER_PRODUCT_COUNT,ORDER_PRODUCT_PRICE) values (30,45,1,5900);
Insert into USER_2024_OTI_MINI_TEAM5.ORDER_PRODUCT (ORDER_NUMBER,PRODUCT_ID,ORDER_PRODUCT_COUNT,ORDER_PRODUCT_PRICE) values (53,120,1,32000);
Insert into USER_2024_OTI_MINI_TEAM5.ORDER_PRODUCT (ORDER_NUMBER,PRODUCT_ID,ORDER_PRODUCT_COUNT,ORDER_PRODUCT_PRICE) values (25,60,1,16000);
Insert into USER_2024_OTI_MINI_TEAM5.ORDER_PRODUCT (ORDER_NUMBER,PRODUCT_ID,ORDER_PRODUCT_COUNT,ORDER_PRODUCT_PRICE) values (35,21,1,4200);
Insert into USER_2024_OTI_MINI_TEAM5.ORDER_PRODUCT (ORDER_NUMBER,PRODUCT_ID,ORDER_PRODUCT_COUNT,ORDER_PRODUCT_PRICE) values (58,120,1,32000);
Insert into USER_2024_OTI_MINI_TEAM5.ORDER_PRODUCT (ORDER_NUMBER,PRODUCT_ID,ORDER_PRODUCT_COUNT,ORDER_PRODUCT_PRICE) values (16,21,2,8400);
Insert into USER_2024_OTI_MINI_TEAM5.ORDER_PRODUCT (ORDER_NUMBER,PRODUCT_ID,ORDER_PRODUCT_COUNT,ORDER_PRODUCT_PRICE) values (16,2,2,43200);
Insert into USER_2024_OTI_MINI_TEAM5.ORDER_PRODUCT (ORDER_NUMBER,PRODUCT_ID,ORDER_PRODUCT_COUNT,ORDER_PRODUCT_PRICE) values (16,8,3,87000);
Insert into USER_2024_OTI_MINI_TEAM5.ORDER_PRODUCT (ORDER_NUMBER,PRODUCT_ID,ORDER_PRODUCT_COUNT,ORDER_PRODUCT_PRICE) values (17,21,2,8400);
Insert into USER_2024_OTI_MINI_TEAM5.ORDER_PRODUCT (ORDER_NUMBER,PRODUCT_ID,ORDER_PRODUCT_COUNT,ORDER_PRODUCT_PRICE) values (17,2,2,43200);
Insert into USER_2024_OTI_MINI_TEAM5.ORDER_PRODUCT (ORDER_NUMBER,PRODUCT_ID,ORDER_PRODUCT_COUNT,ORDER_PRODUCT_PRICE) values (17,8,3,87000);
Insert into USER_2024_OTI_MINI_TEAM5.ORDER_PRODUCT (ORDER_NUMBER,PRODUCT_ID,ORDER_PRODUCT_COUNT,ORDER_PRODUCT_PRICE) values (19,59,3,17700);
Insert into USER_2024_OTI_MINI_TEAM5.ORDER_PRODUCT (ORDER_NUMBER,PRODUCT_ID,ORDER_PRODUCT_COUNT,ORDER_PRODUCT_PRICE) values (19,17,2,29600);
Insert into USER_2024_OTI_MINI_TEAM5.ORDER_PRODUCT (ORDER_NUMBER,PRODUCT_ID,ORDER_PRODUCT_COUNT,ORDER_PRODUCT_PRICE) values (19,36,3,62400);
Insert into USER_2024_OTI_MINI_TEAM5.ORDER_PRODUCT (ORDER_NUMBER,PRODUCT_ID,ORDER_PRODUCT_COUNT,ORDER_PRODUCT_PRICE) values (26,22,1,5900);
Insert into USER_2024_OTI_MINI_TEAM5.ORDER_PRODUCT (ORDER_NUMBER,PRODUCT_ID,ORDER_PRODUCT_COUNT,ORDER_PRODUCT_PRICE) values (28,21,1,4200);
Insert into USER_2024_OTI_MINI_TEAM5.ORDER_PRODUCT (ORDER_NUMBER,PRODUCT_ID,ORDER_PRODUCT_COUNT,ORDER_PRODUCT_PRICE) values (29,47,7,107800);
Insert into USER_2024_OTI_MINI_TEAM5.ORDER_PRODUCT (ORDER_NUMBER,PRODUCT_ID,ORDER_PRODUCT_COUNT,ORDER_PRODUCT_PRICE) values (29,22,10,59000);
Insert into USER_2024_OTI_MINI_TEAM5.ORDER_PRODUCT (ORDER_NUMBER,PRODUCT_ID,ORDER_PRODUCT_COUNT,ORDER_PRODUCT_PRICE) values (29,15,5,74000);
Insert into USER_2024_OTI_MINI_TEAM5.ORDER_PRODUCT (ORDER_NUMBER,PRODUCT_ID,ORDER_PRODUCT_COUNT,ORDER_PRODUCT_PRICE) values (31,45,1,5900);
Insert into USER_2024_OTI_MINI_TEAM5.ORDER_PRODUCT (ORDER_NUMBER,PRODUCT_ID,ORDER_PRODUCT_COUNT,ORDER_PRODUCT_PRICE) values (57,120,1,32000);
Insert into USER_2024_OTI_MINI_TEAM5.ORDER_PRODUCT (ORDER_NUMBER,PRODUCT_ID,ORDER_PRODUCT_COUNT,ORDER_PRODUCT_PRICE) values (59,120,1,32000);
Insert into USER_2024_OTI_MINI_TEAM5.ORDER_PRODUCT (ORDER_NUMBER,PRODUCT_ID,ORDER_PRODUCT_COUNT,ORDER_PRODUCT_PRICE) values (18,21,1,4200);
Insert into USER_2024_OTI_MINI_TEAM5.ORDER_PRODUCT (ORDER_NUMBER,PRODUCT_ID,ORDER_PRODUCT_COUNT,ORDER_PRODUCT_PRICE) values (18,22,1,5900);
Insert into USER_2024_OTI_MINI_TEAM5.ORDER_PRODUCT (ORDER_NUMBER,PRODUCT_ID,ORDER_PRODUCT_COUNT,ORDER_PRODUCT_PRICE) values (32,8,2,58000);
Insert into USER_2024_OTI_MINI_TEAM5.ORDER_PRODUCT (ORDER_NUMBER,PRODUCT_ID,ORDER_PRODUCT_COUNT,ORDER_PRODUCT_PRICE) values (32,54,1,10500);
Insert into USER_2024_OTI_MINI_TEAM5.ORDER_PRODUCT (ORDER_NUMBER,PRODUCT_ID,ORDER_PRODUCT_COUNT,ORDER_PRODUCT_PRICE) values (34,21,1,4200);
Insert into USER_2024_OTI_MINI_TEAM5.ORDER_PRODUCT (ORDER_NUMBER,PRODUCT_ID,ORDER_PRODUCT_COUNT,ORDER_PRODUCT_PRICE) values (37,15,4,59200);
Insert into USER_2024_OTI_MINI_TEAM5.ORDER_PRODUCT (ORDER_NUMBER,PRODUCT_ID,ORDER_PRODUCT_COUNT,ORDER_PRODUCT_PRICE) values (38,59,6,35400);
Insert into USER_2024_OTI_MINI_TEAM5.ORDER_PRODUCT (ORDER_NUMBER,PRODUCT_ID,ORDER_PRODUCT_COUNT,ORDER_PRODUCT_PRICE) values (40,61,2,42000);
Insert into USER_2024_OTI_MINI_TEAM5.ORDER_PRODUCT (ORDER_NUMBER,PRODUCT_ID,ORDER_PRODUCT_COUNT,ORDER_PRODUCT_PRICE) values (1,2,20,432000);
Insert into USER_2024_OTI_MINI_TEAM5.ORDER_PRODUCT (ORDER_NUMBER,PRODUCT_ID,ORDER_PRODUCT_COUNT,ORDER_PRODUCT_PRICE) values (2,4,10,330000);
Insert into USER_2024_OTI_MINI_TEAM5.ORDER_PRODUCT (ORDER_NUMBER,PRODUCT_ID,ORDER_PRODUCT_COUNT,ORDER_PRODUCT_PRICE) values (3,8,30,177000);
Insert into USER_2024_OTI_MINI_TEAM5.ORDER_PRODUCT (ORDER_NUMBER,PRODUCT_ID,ORDER_PRODUCT_COUNT,ORDER_PRODUCT_PRICE) values (4,10,15,568500);
Insert into USER_2024_OTI_MINI_TEAM5.ORDER_PRODUCT (ORDER_NUMBER,PRODUCT_ID,ORDER_PRODUCT_COUNT,ORDER_PRODUCT_PRICE) values (6,17,17,251600);
Insert into USER_2024_OTI_MINI_TEAM5.ORDER_PRODUCT (ORDER_NUMBER,PRODUCT_ID,ORDER_PRODUCT_COUNT,ORDER_PRODUCT_PRICE) values (7,19,19,72200);
Insert into USER_2024_OTI_MINI_TEAM5.ORDER_PRODUCT (ORDER_NUMBER,PRODUCT_ID,ORDER_PRODUCT_COUNT,ORDER_PRODUCT_PRICE) values (8,20,20,400000);
Insert into USER_2024_OTI_MINI_TEAM5.ORDER_PRODUCT (ORDER_NUMBER,PRODUCT_ID,ORDER_PRODUCT_COUNT,ORDER_PRODUCT_PRICE) values (9,21,22,129800);
Insert into USER_2024_OTI_MINI_TEAM5.ORDER_PRODUCT (ORDER_NUMBER,PRODUCT_ID,ORDER_PRODUCT_COUNT,ORDER_PRODUCT_PRICE) values (10,22,21,88200);
Insert into USER_2024_OTI_MINI_TEAM5.ORDER_PRODUCT (ORDER_NUMBER,PRODUCT_ID,ORDER_PRODUCT_COUNT,ORDER_PRODUCT_PRICE) values (5,15,17,251600);
Insert into USER_2024_OTI_MINI_TEAM5.ORDER_PRODUCT (ORDER_NUMBER,PRODUCT_ID,ORDER_PRODUCT_COUNT,ORDER_PRODUCT_PRICE) values (11,23,10,49000);
Insert into USER_2024_OTI_MINI_TEAM5.ORDER_PRODUCT (ORDER_NUMBER,PRODUCT_ID,ORDER_PRODUCT_COUNT,ORDER_PRODUCT_PRICE) values (12,1,1,38000);
Insert into USER_2024_OTI_MINI_TEAM5.ORDER_PRODUCT (ORDER_NUMBER,PRODUCT_ID,ORDER_PRODUCT_COUNT,ORDER_PRODUCT_PRICE) values (27,45,2,11800);
Insert into USER_2024_OTI_MINI_TEAM5.ORDER_PRODUCT (ORDER_NUMBER,PRODUCT_ID,ORDER_PRODUCT_COUNT,ORDER_PRODUCT_PRICE) values (27,15,1,14800);
Insert into USER_2024_OTI_MINI_TEAM5.ORDER_PRODUCT (ORDER_NUMBER,PRODUCT_ID,ORDER_PRODUCT_COUNT,ORDER_PRODUCT_PRICE) values (27,2,1,21600);
Insert into USER_2024_OTI_MINI_TEAM5.ORDER_PRODUCT (ORDER_NUMBER,PRODUCT_ID,ORDER_PRODUCT_COUNT,ORDER_PRODUCT_PRICE) values (27,22,1,5900);
Insert into USER_2024_OTI_MINI_TEAM5.ORDER_PRODUCT (ORDER_NUMBER,PRODUCT_ID,ORDER_PRODUCT_COUNT,ORDER_PRODUCT_PRICE) values (33,21,1,4200);
Insert into USER_2024_OTI_MINI_TEAM5.ORDER_PRODUCT (ORDER_NUMBER,PRODUCT_ID,ORDER_PRODUCT_COUNT,ORDER_PRODUCT_PRICE) values (36,21,3,12600);
Insert into USER_2024_OTI_MINI_TEAM5.ORDER_PRODUCT (ORDER_NUMBER,PRODUCT_ID,ORDER_PRODUCT_COUNT,ORDER_PRODUCT_PRICE) values (39,120,1,32000);
REM INSERTING into USER_2024_OTI_MINI_TEAM5.PRODUCT
SET DEFINE OFF;
Insert into USER_2024_OTI_MINI_TEAM5.PRODUCT (PRODUCT_ID,PRODUCT_NAME,PRODUCT_PRICE,PRODUCT_DATETIME,PRODUCT_STATE,PRODUCT_STOCK,PRODUCT_RECOM,CATEGORY_NAME,PRODUCT_NEW,PRODUCT_BEST) values (4,'까망베르 치즈케익',33000,to_timestamp('24/09/06 17:39:23.000000000','RR/MM/DD HH24:MI:SSXFF'),'ON_SALE',12,1,'CAKE',0,0);
Insert into USER_2024_OTI_MINI_TEAM5.PRODUCT (PRODUCT_ID,PRODUCT_NAME,PRODUCT_PRICE,PRODUCT_DATETIME,PRODUCT_STATE,PRODUCT_STOCK,PRODUCT_RECOM,CATEGORY_NAME,PRODUCT_NEW,PRODUCT_BEST) values (1,'갸또 쇼꼴라',38000,to_timestamp('24/09/06 17:21:39.000000000','RR/MM/DD HH24:MI:SSXFF'),'ON_SALE',30,1,'CAKE',0,0);
Insert into USER_2024_OTI_MINI_TEAM5.PRODUCT (PRODUCT_ID,PRODUCT_NAME,PRODUCT_PRICE,PRODUCT_DATETIME,PRODUCT_STATE,PRODUCT_STOCK,PRODUCT_RECOM,CATEGORY_NAME,PRODUCT_NEW,PRODUCT_BEST) values (3,'고구마 생크림 케익',33000,to_timestamp('24/09/06 17:39:23.000000000','RR/MM/DD HH24:MI:SSXFF'),'ON_SALE',12,0,'CAKE',0,0);
Insert into USER_2024_OTI_MINI_TEAM5.PRODUCT (PRODUCT_ID,PRODUCT_NAME,PRODUCT_PRICE,PRODUCT_DATETIME,PRODUCT_STATE,PRODUCT_STOCK,PRODUCT_RECOM,CATEGORY_NAME,PRODUCT_NEW,PRODUCT_BEST) values (5,'바닐라 생크림 케익',33000,to_timestamp('24/09/06 17:39:23.000000000','RR/MM/DD HH24:MI:SSXFF'),'ON_SALE',14,0,'CAKE',0,0);
Insert into USER_2024_OTI_MINI_TEAM5.PRODUCT (PRODUCT_ID,PRODUCT_NAME,PRODUCT_PRICE,PRODUCT_DATETIME,PRODUCT_STATE,PRODUCT_STOCK,PRODUCT_RECOM,CATEGORY_NAME,PRODUCT_NEW,PRODUCT_BEST) values (6,'샤를로뜨',42000,to_timestamp('24/09/06 17:39:23.000000000','RR/MM/DD HH24:MI:SSXFF'),'ON_SALE',14,0,'CAKE',0,0);
Insert into USER_2024_OTI_MINI_TEAM5.PRODUCT (PRODUCT_ID,PRODUCT_NAME,PRODUCT_PRICE,PRODUCT_DATETIME,PRODUCT_STATE,PRODUCT_STOCK,PRODUCT_RECOM,CATEGORY_NAME,PRODUCT_NEW,PRODUCT_BEST) values (7,'쉭쎄',8200,to_timestamp('24/09/06 17:39:23.000000000','RR/MM/DD HH24:MI:SSXFF'),'ON_SALE',34,0,'CAKE',0,0);
Insert into USER_2024_OTI_MINI_TEAM5.PRODUCT (PRODUCT_ID,PRODUCT_NAME,PRODUCT_PRICE,PRODUCT_DATETIME,PRODUCT_STATE,PRODUCT_STOCK,PRODUCT_RECOM,CATEGORY_NAME,PRODUCT_NEW,PRODUCT_BEST) values (8,'티라미수',29000,to_timestamp('24/09/06 17:39:34.000000000','RR/MM/DD HH24:MI:SSXFF'),'ON_SALE',20,0,'CAKE',0,1);
Insert into USER_2024_OTI_MINI_TEAM5.PRODUCT (PRODUCT_ID,PRODUCT_NAME,PRODUCT_PRICE,PRODUCT_DATETIME,PRODUCT_STATE,PRODUCT_STOCK,PRODUCT_RECOM,CATEGORY_NAME,PRODUCT_NEW,PRODUCT_BEST) values (9,'파인치즈 케익',39000,to_timestamp('24/09/06 17:39:34.000000000','RR/MM/DD HH24:MI:SSXFF'),'ON_SALE',8,0,'CAKE',0,0);
Insert into USER_2024_OTI_MINI_TEAM5.PRODUCT (PRODUCT_ID,PRODUCT_NAME,PRODUCT_PRICE,PRODUCT_DATETIME,PRODUCT_STATE,PRODUCT_STOCK,PRODUCT_RECOM,CATEGORY_NAME,PRODUCT_NEW,PRODUCT_BEST) values (10,'프레지에 에큠',37900,to_timestamp('24/09/06 17:39:34.000000000','RR/MM/DD HH24:MI:SSXFF'),'ON_SALE',12,0,'CAKE',0,0);
Insert into USER_2024_OTI_MINI_TEAM5.PRODUCT (PRODUCT_ID,PRODUCT_NAME,PRODUCT_PRICE,PRODUCT_DATETIME,PRODUCT_STATE,PRODUCT_STOCK,PRODUCT_RECOM,CATEGORY_NAME,PRODUCT_NEW,PRODUCT_BEST) values (11,'프레지에',32000,to_timestamp('24/09/06 17:39:34.000000000','RR/MM/DD HH24:MI:SSXFF'),'ON_SALE',4,1,'CAKE',0,0);
Insert into USER_2024_OTI_MINI_TEAM5.PRODUCT (PRODUCT_ID,PRODUCT_NAME,PRODUCT_PRICE,PRODUCT_DATETIME,PRODUCT_STATE,PRODUCT_STOCK,PRODUCT_RECOM,CATEGORY_NAME,PRODUCT_NEW,PRODUCT_BEST) values (12,'후랑보아즈',37000,to_timestamp('24/09/06 17:39:34.000000000','RR/MM/DD HH24:MI:SSXFF'),'ON_SALE',8,0,'CAKE',0,0);
Insert into USER_2024_OTI_MINI_TEAM5.PRODUCT (PRODUCT_ID,PRODUCT_NAME,PRODUCT_PRICE,PRODUCT_DATETIME,PRODUCT_STATE,PRODUCT_STOCK,PRODUCT_RECOM,CATEGORY_NAME,PRODUCT_NEW,PRODUCT_BEST) values (13,'스위스롤 말차롤케익',20000,to_timestamp('24/09/06 17:41:49.000000000','RR/MM/DD HH24:MI:SSXFF'),'ON_SALE',15,1,'CAKE',0,0);
Insert into USER_2024_OTI_MINI_TEAM5.PRODUCT (PRODUCT_ID,PRODUCT_NAME,PRODUCT_PRICE,PRODUCT_DATETIME,PRODUCT_STATE,PRODUCT_STOCK,PRODUCT_RECOM,CATEGORY_NAME,PRODUCT_NEW,PRODUCT_BEST) values (44,'꼬끼유',23000,to_timestamp('24/09/17 13:52:26.000000000','RR/MM/DD HH24:MI:SSXFF'),'ON_SALE',40,0,'DESSERT',1,0);
Insert into USER_2024_OTI_MINI_TEAM5.PRODUCT (PRODUCT_ID,PRODUCT_NAME,PRODUCT_PRICE,PRODUCT_DATETIME,PRODUCT_STATE,PRODUCT_STOCK,PRODUCT_RECOM,CATEGORY_NAME,PRODUCT_NEW,PRODUCT_BEST) values (45,'노아',5900,to_timestamp('24/09/17 13:52:26.000000000','RR/MM/DD HH24:MI:SSXFF'),'SOLD_OUT',0,0,'DESSERT',1,0);
Insert into USER_2024_OTI_MINI_TEAM5.PRODUCT (PRODUCT_ID,PRODUCT_NAME,PRODUCT_PRICE,PRODUCT_DATETIME,PRODUCT_STATE,PRODUCT_STOCK,PRODUCT_RECOM,CATEGORY_NAME,PRODUCT_NEW,PRODUCT_BEST) values (46,'라무르',5900,to_timestamp('24/09/17 13:52:26.000000000','RR/MM/DD HH24:MI:SSXFF'),'ON_SALE',50,1,'DESSERT',1,0);
Insert into USER_2024_OTI_MINI_TEAM5.PRODUCT (PRODUCT_ID,PRODUCT_NAME,PRODUCT_PRICE,PRODUCT_DATETIME,PRODUCT_STATE,PRODUCT_STOCK,PRODUCT_RECOM,CATEGORY_NAME,PRODUCT_NEW,PRODUCT_BEST) values (47,'라피누',15400,to_timestamp('24/09/17 13:52:26.000000000','RR/MM/DD HH24:MI:SSXFF'),'ON_SALE',30,1,'DESSERT',1,0);
Insert into USER_2024_OTI_MINI_TEAM5.PRODUCT (PRODUCT_ID,PRODUCT_NAME,PRODUCT_PRICE,PRODUCT_DATETIME,PRODUCT_STATE,PRODUCT_STOCK,PRODUCT_RECOM,CATEGORY_NAME,PRODUCT_NEW,PRODUCT_BEST) values (48,'루이즈의 모자',5500,to_timestamp('24/09/17 13:52:26.000000000','RR/MM/DD HH24:MI:SSXFF'),'ON_SALE',20,0,'DESSERT',0,0);
Insert into USER_2024_OTI_MINI_TEAM5.PRODUCT (PRODUCT_ID,PRODUCT_NAME,PRODUCT_PRICE,PRODUCT_DATETIME,PRODUCT_STATE,PRODUCT_STOCK,PRODUCT_RECOM,CATEGORY_NAME,PRODUCT_NEW,PRODUCT_BEST) values (49,'복수초.요깡 세트',34000,to_timestamp('24/09/17 13:52:26.000000000','RR/MM/DD HH24:MI:SSXFF'),'ON_SALE',20,1,'DESSERT',0,0);
Insert into USER_2024_OTI_MINI_TEAM5.PRODUCT (PRODUCT_ID,PRODUCT_NAME,PRODUCT_PRICE,PRODUCT_DATETIME,PRODUCT_STATE,PRODUCT_STOCK,PRODUCT_RECOM,CATEGORY_NAME,PRODUCT_NEW,PRODUCT_BEST) values (50,'빨미에',10500,to_timestamp('24/09/17 13:52:26.000000000','RR/MM/DD HH24:MI:SSXFF'),'ON_SALE',30,1,'DESSERT',0,0);
Insert into USER_2024_OTI_MINI_TEAM5.PRODUCT (PRODUCT_ID,PRODUCT_NAME,PRODUCT_PRICE,PRODUCT_DATETIME,PRODUCT_STATE,PRODUCT_STOCK,PRODUCT_RECOM,CATEGORY_NAME,PRODUCT_NEW,PRODUCT_BEST) values (51,'빨미에(대)',26000,to_timestamp('24/09/17 13:52:26.000000000','RR/MM/DD HH24:MI:SSXFF'),'ON_SALE',30,1,'DESSERT',0,0);
Insert into USER_2024_OTI_MINI_TEAM5.PRODUCT (PRODUCT_ID,PRODUCT_NAME,PRODUCT_PRICE,PRODUCT_DATETIME,PRODUCT_STATE,PRODUCT_STOCK,PRODUCT_RECOM,CATEGORY_NAME,PRODUCT_NEW,PRODUCT_BEST) values (52,'아몬드 쇼꼴라 2종',6500,to_timestamp('24/09/17 13:52:26.000000000','RR/MM/DD HH24:MI:SSXFF'),'ON_SALE',30,1,'DESSERT',0,0);
Insert into USER_2024_OTI_MINI_TEAM5.PRODUCT (PRODUCT_ID,PRODUCT_NAME,PRODUCT_PRICE,PRODUCT_DATETIME,PRODUCT_STATE,PRODUCT_STOCK,PRODUCT_RECOM,CATEGORY_NAME,PRODUCT_NEW,PRODUCT_BEST) values (53,'안나마리아',22000,to_timestamp('24/09/17 13:52:26.000000000','RR/MM/DD HH24:MI:SSXFF'),'ON_SALE',30,0,'DESSERT',0,0);
Insert into USER_2024_OTI_MINI_TEAM5.PRODUCT (PRODUCT_ID,PRODUCT_NAME,PRODUCT_PRICE,PRODUCT_DATETIME,PRODUCT_STATE,PRODUCT_STOCK,PRODUCT_RECOM,CATEGORY_NAME,PRODUCT_NEW,PRODUCT_BEST) values (54,'에스까르고',10500,to_timestamp('24/09/17 13:52:26.000000000','RR/MM/DD HH24:MI:SSXFF'),'SOLD_OUT',0,0,'DESSERT',0,0);
Insert into USER_2024_OTI_MINI_TEAM5.PRODUCT (PRODUCT_ID,PRODUCT_NAME,PRODUCT_PRICE,PRODUCT_DATETIME,PRODUCT_STATE,PRODUCT_STOCK,PRODUCT_RECOM,CATEGORY_NAME,PRODUCT_NEW,PRODUCT_BEST) values (55,'잣쿠키',6500,to_timestamp('24/09/17 13:52:26.000000000','RR/MM/DD HH24:MI:SSXFF'),'ON_SALE',30,1,'DESSERT',0,0);
Insert into USER_2024_OTI_MINI_TEAM5.PRODUCT (PRODUCT_ID,PRODUCT_NAME,PRODUCT_PRICE,PRODUCT_DATETIME,PRODUCT_STATE,PRODUCT_STOCK,PRODUCT_RECOM,CATEGORY_NAME,PRODUCT_NEW,PRODUCT_BEST) values (56,'초코 구운과자 묶음(4+1)',9900,to_timestamp('24/09/17 13:52:26.000000000','RR/MM/DD HH24:MI:SSXFF'),'ON_SALE',20,1,'DESSERT',0,0);
Insert into USER_2024_OTI_MINI_TEAM5.PRODUCT (PRODUCT_ID,PRODUCT_NAME,PRODUCT_PRICE,PRODUCT_DATETIME,PRODUCT_STATE,PRODUCT_STOCK,PRODUCT_RECOM,CATEGORY_NAME,PRODUCT_NEW,PRODUCT_BEST) values (57,'초코쿠키',9900,to_timestamp('24/09/17 13:52:26.000000000','RR/MM/DD HH24:MI:SSXFF'),'ON_SALE',20,1,'DESSERT',0,0);
Insert into USER_2024_OTI_MINI_TEAM5.PRODUCT (PRODUCT_ID,PRODUCT_NAME,PRODUCT_PRICE,PRODUCT_DATETIME,PRODUCT_STATE,PRODUCT_STOCK,PRODUCT_RECOM,CATEGORY_NAME,PRODUCT_NEW,PRODUCT_BEST) values (58,'초코페라',6500,to_timestamp('24/09/17 13:52:26.000000000','RR/MM/DD HH24:MI:SSXFF'),'ON_SALE',20,1,'DESSERT',0,0);
Insert into USER_2024_OTI_MINI_TEAM5.PRODUCT (PRODUCT_ID,PRODUCT_NAME,PRODUCT_PRICE,PRODUCT_DATETIME,PRODUCT_STATE,PRODUCT_STOCK,PRODUCT_RECOM,CATEGORY_NAME,PRODUCT_NEW,PRODUCT_BEST) values (59,'페퍼쿠키',5900,to_timestamp('24/09/17 13:52:32.000000000','RR/MM/DD HH24:MI:SSXFF'),'ON_SALE',30,1,'DESSERT',1,0);
Insert into USER_2024_OTI_MINI_TEAM5.PRODUCT (PRODUCT_ID,PRODUCT_NAME,PRODUCT_PRICE,PRODUCT_DATETIME,PRODUCT_STATE,PRODUCT_STOCK,PRODUCT_RECOM,CATEGORY_NAME,PRODUCT_NEW,PRODUCT_BEST) values (60,'프시케',16000,to_timestamp('24/09/17 13:52:32.000000000','RR/MM/DD HH24:MI:SSXFF'),'ON_SALE',30,1,'DESSERT',1,0);
Insert into USER_2024_OTI_MINI_TEAM5.PRODUCT (PRODUCT_ID,PRODUCT_NAME,PRODUCT_PRICE,PRODUCT_DATETIME,PRODUCT_STATE,PRODUCT_STOCK,PRODUCT_RECOM,CATEGORY_NAME,PRODUCT_NEW,PRODUCT_BEST) values (61,'튈코코',21000,to_timestamp('24/09/17 13:53:55.000000000','RR/MM/DD HH24:MI:SSXFF'),'ON_SALE',18,1,'DESSERT',1,0);
Insert into USER_2024_OTI_MINI_TEAM5.PRODUCT (PRODUCT_ID,PRODUCT_NAME,PRODUCT_PRICE,PRODUCT_DATETIME,PRODUCT_STATE,PRODUCT_STOCK,PRODUCT_RECOM,CATEGORY_NAME,PRODUCT_NEW,PRODUCT_BEST) values (120,'빅 바닐라 생크림 케익',32000,to_timestamp('24/09/27 19:27:39.000000000','RR/MM/DD HH24:MI:SSXFF'),'ON_SALE',1,0,'CAKE',1,0);
Insert into USER_2024_OTI_MINI_TEAM5.PRODUCT (PRODUCT_ID,PRODUCT_NAME,PRODUCT_PRICE,PRODUCT_DATETIME,PRODUCT_STATE,PRODUCT_STOCK,PRODUCT_RECOM,CATEGORY_NAME,PRODUCT_NEW,PRODUCT_BEST) values (35,'그리스넛',6500,to_timestamp('24/09/07 20:30:44.000000000','RR/MM/DD HH24:MI:SSXFF'),'ON_SALE',50,0,'DESSERT',0,0);
Insert into USER_2024_OTI_MINI_TEAM5.PRODUCT (PRODUCT_ID,PRODUCT_NAME,PRODUCT_PRICE,PRODUCT_DATETIME,PRODUCT_STATE,PRODUCT_STOCK,PRODUCT_RECOM,CATEGORY_NAME,PRODUCT_NEW,PRODUCT_BEST) values (36,'뚜쇼꼬',20800,to_timestamp('24/09/07 20:30:44.000000000','RR/MM/DD HH24:MI:SSXFF'),'ON_SALE',50,0,'DESSERT',0,0);
Insert into USER_2024_OTI_MINI_TEAM5.PRODUCT (PRODUCT_ID,PRODUCT_NAME,PRODUCT_PRICE,PRODUCT_DATETIME,PRODUCT_STATE,PRODUCT_STOCK,PRODUCT_RECOM,CATEGORY_NAME,PRODUCT_NEW,PRODUCT_BEST) values (37,'미니망디앙',19000,to_timestamp('24/09/07 20:30:44.000000000','RR/MM/DD HH24:MI:SSXFF'),'ON_SALE',50,1,'DESSERT',0,0);
Insert into USER_2024_OTI_MINI_TEAM5.PRODUCT (PRODUCT_ID,PRODUCT_NAME,PRODUCT_PRICE,PRODUCT_DATETIME,PRODUCT_STATE,PRODUCT_STOCK,PRODUCT_RECOM,CATEGORY_NAME,PRODUCT_NEW,PRODUCT_BEST) values (38,'샤블레',4100,to_timestamp('24/09/07 20:30:44.000000000','RR/MM/DD HH24:MI:SSXFF'),'ON_SALE',50,1,'DESSERT',0,0);
Insert into USER_2024_OTI_MINI_TEAM5.PRODUCT (PRODUCT_ID,PRODUCT_NAME,PRODUCT_PRICE,PRODUCT_DATETIME,PRODUCT_STATE,PRODUCT_STOCK,PRODUCT_RECOM,CATEGORY_NAME,PRODUCT_NEW,PRODUCT_BEST) values (39,'쇼콜라 노아젯트',7000,to_timestamp('24/09/07 20:30:44.000000000','RR/MM/DD HH24:MI:SSXFF'),'ON_SALE',50,1,'DESSERT',0,0);
Insert into USER_2024_OTI_MINI_TEAM5.PRODUCT (PRODUCT_ID,PRODUCT_NAME,PRODUCT_PRICE,PRODUCT_DATETIME,PRODUCT_STATE,PRODUCT_STOCK,PRODUCT_RECOM,CATEGORY_NAME,PRODUCT_NEW,PRODUCT_BEST) values (40,'시칠리아',5900,to_timestamp('24/09/07 20:30:44.000000000','RR/MM/DD HH24:MI:SSXFF'),'ON_SALE',50,1,'DESSERT',0,0);
Insert into USER_2024_OTI_MINI_TEAM5.PRODUCT (PRODUCT_ID,PRODUCT_NAME,PRODUCT_PRICE,PRODUCT_DATETIME,PRODUCT_STATE,PRODUCT_STOCK,PRODUCT_RECOM,CATEGORY_NAME,PRODUCT_NEW,PRODUCT_BEST) values (41,'초코빨미에',10500,to_timestamp('24/09/07 20:30:44.000000000','RR/MM/DD HH24:MI:SSXFF'),'ON_SALE',50,1,'DESSERT',0,0);
Insert into USER_2024_OTI_MINI_TEAM5.PRODUCT (PRODUCT_ID,PRODUCT_NAME,PRODUCT_PRICE,PRODUCT_DATETIME,PRODUCT_STATE,PRODUCT_STOCK,PRODUCT_RECOM,CATEGORY_NAME,PRODUCT_NEW,PRODUCT_BEST) values (42,'호두쿠키',4300,to_timestamp('24/09/07 20:30:44.000000000','RR/MM/DD HH24:MI:SSXFF'),'ON_SALE',50,1,'DESSERT',0,0);
Insert into USER_2024_OTI_MINI_TEAM5.PRODUCT (PRODUCT_ID,PRODUCT_NAME,PRODUCT_PRICE,PRODUCT_DATETIME,PRODUCT_STATE,PRODUCT_STOCK,PRODUCT_RECOM,CATEGORY_NAME,PRODUCT_NEW,PRODUCT_BEST) values (43,'랑그 드 샤',21000,to_timestamp('24/09/07 20:30:44.000000000','RR/MM/DD HH24:MI:SSXFF'),'ON_SALE',30,0,'DESSERT',0,0);
Insert into USER_2024_OTI_MINI_TEAM5.PRODUCT (PRODUCT_ID,PRODUCT_NAME,PRODUCT_PRICE,PRODUCT_DATETIME,PRODUCT_STATE,PRODUCT_STOCK,PRODUCT_RECOM,CATEGORY_NAME,PRODUCT_NEW,PRODUCT_BEST) values (2,'갈렛뜨 데로와 푀유떼',21600,to_timestamp('24/09/06 17:31:03.000000000','RR/MM/DD HH24:MI:SSXFF'),'ON_SALE',33,1,'BREAD',0,1);
Insert into USER_2024_OTI_MINI_TEAM5.PRODUCT (PRODUCT_ID,PRODUCT_NAME,PRODUCT_PRICE,PRODUCT_DATETIME,PRODUCT_STATE,PRODUCT_STOCK,PRODUCT_RECOM,CATEGORY_NAME,PRODUCT_NEW,PRODUCT_BEST) values (14,'코코넛 쿠키',5800,to_timestamp('24/09/06 17:45:26.000000000','RR/MM/DD HH24:MI:SSXFF'),'ON_SALE',50,0,'DESSERT',0,0);
Insert into USER_2024_OTI_MINI_TEAM5.PRODUCT (PRODUCT_ID,PRODUCT_NAME,PRODUCT_PRICE,PRODUCT_DATETIME,PRODUCT_STATE,PRODUCT_STOCK,PRODUCT_RECOM,CATEGORY_NAME,PRODUCT_NEW,PRODUCT_BEST) values (15,'그리오틴 케익(6EA)',14800,to_timestamp('24/09/07 15:41:06.000000000','RR/MM/DD HH24:MI:SSXFF'),'ON_SALE',18,1,'BREAD',0,1);
Insert into USER_2024_OTI_MINI_TEAM5.PRODUCT (PRODUCT_ID,PRODUCT_NAME,PRODUCT_PRICE,PRODUCT_DATETIME,PRODUCT_STATE,PRODUCT_STOCK,PRODUCT_RECOM,CATEGORY_NAME,PRODUCT_NEW,PRODUCT_BEST) values (16,'되리브르(대)',15000,to_timestamp('24/09/07 15:41:06.000000000','RR/MM/DD HH24:MI:SSXFF'),'ON_SALE',17,0,'BREAD',0,0);
Insert into USER_2024_OTI_MINI_TEAM5.PRODUCT (PRODUCT_ID,PRODUCT_NAME,PRODUCT_PRICE,PRODUCT_DATETIME,PRODUCT_STATE,PRODUCT_STOCK,PRODUCT_RECOM,CATEGORY_NAME,PRODUCT_NEW,PRODUCT_BEST) values (17,'땅드레스 아로랑 쥬(6EA)',14800,to_timestamp('24/09/07 15:41:06.000000000','RR/MM/DD HH24:MI:SSXFF'),'ON_SALE',19,1,'BREAD',0,1);
Insert into USER_2024_OTI_MINI_TEAM5.PRODUCT (PRODUCT_ID,PRODUCT_NAME,PRODUCT_PRICE,PRODUCT_DATETIME,PRODUCT_STATE,PRODUCT_STOCK,PRODUCT_RECOM,CATEGORY_NAME,PRODUCT_NEW,PRODUCT_BEST) values (18,'로데브',4500,to_timestamp('24/09/07 15:41:06.000000000','RR/MM/DD HH24:MI:SSXFF'),'ON_SALE',20,0,'BREAD',0,0);
Insert into USER_2024_OTI_MINI_TEAM5.PRODUCT (PRODUCT_ID,PRODUCT_NAME,PRODUCT_PRICE,PRODUCT_DATETIME,PRODUCT_STATE,PRODUCT_STOCK,PRODUCT_RECOM,CATEGORY_NAME,PRODUCT_NEW,PRODUCT_BEST) values (19,'르뱅 꾸뻬',3800,to_timestamp('24/09/07 15:41:06.000000000','RR/MM/DD HH24:MI:SSXFF'),'ON_SALE',21,1,'BREAD',0,1);
Insert into USER_2024_OTI_MINI_TEAM5.PRODUCT (PRODUCT_ID,PRODUCT_NAME,PRODUCT_PRICE,PRODUCT_DATETIME,PRODUCT_STATE,PRODUCT_STOCK,PRODUCT_RECOM,CATEGORY_NAME,PRODUCT_NEW,PRODUCT_BEST) values (20,'마블케익',20000,to_timestamp('24/09/07 15:41:06.000000000','RR/MM/DD HH24:MI:SSXFF'),'ON_SALE',21,0,'BREAD',0,1);
Insert into USER_2024_OTI_MINI_TEAM5.PRODUCT (PRODUCT_ID,PRODUCT_NAME,PRODUCT_PRICE,PRODUCT_DATETIME,PRODUCT_STATE,PRODUCT_STOCK,PRODUCT_RECOM,CATEGORY_NAME,PRODUCT_NEW,PRODUCT_BEST) values (21,'바따르',4200,to_timestamp('24/09/07 15:41:06.000000000','RR/MM/DD HH24:MI:SSXFF'),'ON_SALE',18,0,'BREAD',0,1);
Insert into USER_2024_OTI_MINI_TEAM5.PRODUCT (PRODUCT_ID,PRODUCT_NAME,PRODUCT_PRICE,PRODUCT_DATETIME,PRODUCT_STATE,PRODUCT_STOCK,PRODUCT_RECOM,CATEGORY_NAME,PRODUCT_NEW,PRODUCT_BEST) values (22,'빠리지앵',5900,to_timestamp('24/09/07 15:41:06.000000000','RR/MM/DD HH24:MI:SSXFF'),'ON_SALE',1,1,'BREAD',0,1);
Insert into USER_2024_OTI_MINI_TEAM5.PRODUCT (PRODUCT_ID,PRODUCT_NAME,PRODUCT_PRICE,PRODUCT_DATETIME,PRODUCT_STATE,PRODUCT_STOCK,PRODUCT_RECOM,CATEGORY_NAME,PRODUCT_NEW,PRODUCT_BEST) values (23,'뺑드미',4900,to_timestamp('24/09/07 15:41:06.000000000','RR/MM/DD HH24:MI:SSXFF'),'ON_SALE',21,0,'BREAD',0,0);
Insert into USER_2024_OTI_MINI_TEAM5.PRODUCT (PRODUCT_ID,PRODUCT_NAME,PRODUCT_PRICE,PRODUCT_DATETIME,PRODUCT_STATE,PRODUCT_STOCK,PRODUCT_RECOM,CATEGORY_NAME,PRODUCT_NEW,PRODUCT_BEST) values (24,'세글 누아레젱',4000,to_timestamp('24/09/07 15:41:06.000000000','RR/MM/DD HH24:MI:SSXFF'),'ON_SALE',21,0,'BREAD',0,0);
Insert into USER_2024_OTI_MINI_TEAM5.PRODUCT (PRODUCT_ID,PRODUCT_NAME,PRODUCT_PRICE,PRODUCT_DATETIME,PRODUCT_STATE,PRODUCT_STOCK,PRODUCT_RECOM,CATEGORY_NAME,PRODUCT_NEW,PRODUCT_BEST) values (25,'오렌지케익',4000,to_timestamp('24/09/07 15:41:06.000000000','RR/MM/DD HH24:MI:SSXFF'),'ON_SALE',18,1,'BREAD',0,0);
Insert into USER_2024_OTI_MINI_TEAM5.PRODUCT (PRODUCT_ID,PRODUCT_NAME,PRODUCT_PRICE,PRODUCT_DATETIME,PRODUCT_STATE,PRODUCT_STOCK,PRODUCT_RECOM,CATEGORY_NAME,PRODUCT_NEW,PRODUCT_BEST) values (26,'유산균 발효 식빵',4000,to_timestamp('24/09/07 15:41:06.000000000','RR/MM/DD HH24:MI:SSXFF'),'ON_SALE',17,0,'BREAD',0,0);
Insert into USER_2024_OTI_MINI_TEAM5.PRODUCT (PRODUCT_ID,PRODUCT_NAME,PRODUCT_PRICE,PRODUCT_DATETIME,PRODUCT_STATE,PRODUCT_STOCK,PRODUCT_RECOM,CATEGORY_NAME,PRODUCT_NEW,PRODUCT_BEST) values (27,'이탈리안 레몬케익',21000,to_timestamp('24/09/07 15:41:06.000000000','RR/MM/DD HH24:MI:SSXFF'),'ON_SALE',23,1,'BREAD',0,0);
Insert into USER_2024_OTI_MINI_TEAM5.PRODUCT (PRODUCT_ID,PRODUCT_NAME,PRODUCT_PRICE,PRODUCT_DATETIME,PRODUCT_STATE,PRODUCT_STOCK,PRODUCT_RECOM,CATEGORY_NAME,PRODUCT_NEW,PRODUCT_BEST) values (28,'잉글리쉬 파운드',19000,to_timestamp('24/09/07 15:41:06.000000000','RR/MM/DD HH24:MI:SSXFF'),'ON_SALE',19,1,'BREAD',0,0);
Insert into USER_2024_OTI_MINI_TEAM5.PRODUCT (PRODUCT_ID,PRODUCT_NAME,PRODUCT_PRICE,PRODUCT_DATETIME,PRODUCT_STATE,PRODUCT_STOCK,PRODUCT_RECOM,CATEGORY_NAME,PRODUCT_NEW,PRODUCT_BEST) values (29,'자연효모빵',4600,to_timestamp('24/09/07 15:41:06.000000000','RR/MM/DD HH24:MI:SSXFF'),'ON_SALE',21,0,'BREAD',0,0);
Insert into USER_2024_OTI_MINI_TEAM5.PRODUCT (PRODUCT_ID,PRODUCT_NAME,PRODUCT_PRICE,PRODUCT_DATETIME,PRODUCT_STATE,PRODUCT_STOCK,PRODUCT_RECOM,CATEGORY_NAME,PRODUCT_NEW,PRODUCT_BEST) values (30,'카스텔라',18000,to_timestamp('24/09/07 15:41:06.000000000','RR/MM/DD HH24:MI:SSXFF'),'ON_SALE',23,0,'BREAD',0,0);
Insert into USER_2024_OTI_MINI_TEAM5.PRODUCT (PRODUCT_ID,PRODUCT_NAME,PRODUCT_PRICE,PRODUCT_DATETIME,PRODUCT_STATE,PRODUCT_STOCK,PRODUCT_RECOM,CATEGORY_NAME,PRODUCT_NEW,PRODUCT_BEST) values (31,'파네토네',9500,to_timestamp('24/09/07 15:41:06.000000000','RR/MM/DD HH24:MI:SSXFF'),'ON_SALE',26,0,'BREAD',0,0);
Insert into USER_2024_OTI_MINI_TEAM5.PRODUCT (PRODUCT_ID,PRODUCT_NAME,PRODUCT_PRICE,PRODUCT_DATETIME,PRODUCT_STATE,PRODUCT_STOCK,PRODUCT_RECOM,CATEGORY_NAME,PRODUCT_NEW,PRODUCT_BEST) values (32,'팡도르',22000,to_timestamp('24/09/07 15:41:06.000000000','RR/MM/DD HH24:MI:SSXFF'),'ON_SALE',28,1,'BREAD',0,0);
Insert into USER_2024_OTI_MINI_TEAM5.PRODUCT (PRODUCT_ID,PRODUCT_NAME,PRODUCT_PRICE,PRODUCT_DATETIME,PRODUCT_STATE,PRODUCT_STOCK,PRODUCT_RECOM,CATEGORY_NAME,PRODUCT_NEW,PRODUCT_BEST) values (33,'후르츠케익',19000,to_timestamp('24/09/07 15:41:06.000000000','RR/MM/DD HH24:MI:SSXFF'),'ON_SALE',32,0,'BREAD',0,0);
REM INSERTING into USER_2024_OTI_MINI_TEAM5.PRODUCT_IMAGE
SET DEFINE OFF;
Insert into USER_2024_OTI_MINI_TEAM5.PRODUCT_IMAGE (PRODUCT_ID,PRODUCT_USECASE,IMAGE_ORIGINAL_NAME,IMAGE_TYPE) values (1,'THUMBNAIL','갸또 쇼꼴라.jpg','image/jpeg');
Insert into USER_2024_OTI_MINI_TEAM5.PRODUCT_IMAGE (PRODUCT_ID,PRODUCT_USECASE,IMAGE_ORIGINAL_NAME,IMAGE_TYPE) values (1,'DETAIL','갸또 쇼꼴라_상세.jpg','image/jpeg');
Insert into USER_2024_OTI_MINI_TEAM5.PRODUCT_IMAGE (PRODUCT_ID,PRODUCT_USECASE,IMAGE_ORIGINAL_NAME,IMAGE_TYPE) values (3,'THUMBNAIL','고구마 생크림 케익.jpg','image/jpeg');
Insert into USER_2024_OTI_MINI_TEAM5.PRODUCT_IMAGE (PRODUCT_ID,PRODUCT_USECASE,IMAGE_ORIGINAL_NAME,IMAGE_TYPE) values (3,'DETAIL','고구마 생크림 케익_상세.jpg','image/jpeg');
Insert into USER_2024_OTI_MINI_TEAM5.PRODUCT_IMAGE (PRODUCT_ID,PRODUCT_USECASE,IMAGE_ORIGINAL_NAME,IMAGE_TYPE) values (4,'THUMBNAIL','까망베르 치즈케익.jpg','image/jpeg');
Insert into USER_2024_OTI_MINI_TEAM5.PRODUCT_IMAGE (PRODUCT_ID,PRODUCT_USECASE,IMAGE_ORIGINAL_NAME,IMAGE_TYPE) values (4,'DETAIL','까망베르 치즈케익_상세.jpg','image/jpeg');
Insert into USER_2024_OTI_MINI_TEAM5.PRODUCT_IMAGE (PRODUCT_ID,PRODUCT_USECASE,IMAGE_ORIGINAL_NAME,IMAGE_TYPE) values (5,'THUMBNAIL','바닐라 생크림 케익.jpg','image/jpeg');
Insert into USER_2024_OTI_MINI_TEAM5.PRODUCT_IMAGE (PRODUCT_ID,PRODUCT_USECASE,IMAGE_ORIGINAL_NAME,IMAGE_TYPE) values (5,'DETAIL','바닐라 생크림 케익_상세.jpg','image/jpeg');
Insert into USER_2024_OTI_MINI_TEAM5.PRODUCT_IMAGE (PRODUCT_ID,PRODUCT_USECASE,IMAGE_ORIGINAL_NAME,IMAGE_TYPE) values (6,'THUMBNAIL','샤를로뜨.jpg','image/jpeg');
Insert into USER_2024_OTI_MINI_TEAM5.PRODUCT_IMAGE (PRODUCT_ID,PRODUCT_USECASE,IMAGE_ORIGINAL_NAME,IMAGE_TYPE) values (6,'DETAIL','샤를로뜨_상세.jpg','image/jpeg');
Insert into USER_2024_OTI_MINI_TEAM5.PRODUCT_IMAGE (PRODUCT_ID,PRODUCT_USECASE,IMAGE_ORIGINAL_NAME,IMAGE_TYPE) values (7,'THUMBNAIL','쉭쎄.jpg','image/jpeg');
Insert into USER_2024_OTI_MINI_TEAM5.PRODUCT_IMAGE (PRODUCT_ID,PRODUCT_USECASE,IMAGE_ORIGINAL_NAME,IMAGE_TYPE) values (7,'DETAIL','쉭쎄_상세.jpg','image/jpeg');
Insert into USER_2024_OTI_MINI_TEAM5.PRODUCT_IMAGE (PRODUCT_ID,PRODUCT_USECASE,IMAGE_ORIGINAL_NAME,IMAGE_TYPE) values (8,'THUMBNAIL','티라미수.jpg','image/jpeg');
Insert into USER_2024_OTI_MINI_TEAM5.PRODUCT_IMAGE (PRODUCT_ID,PRODUCT_USECASE,IMAGE_ORIGINAL_NAME,IMAGE_TYPE) values (8,'DETAIL','티라미수_상세.jpg','image/jpeg');
Insert into USER_2024_OTI_MINI_TEAM5.PRODUCT_IMAGE (PRODUCT_ID,PRODUCT_USECASE,IMAGE_ORIGINAL_NAME,IMAGE_TYPE) values (9,'THUMBNAIL','파인치즈 케익.jpg','image/jpeg');
Insert into USER_2024_OTI_MINI_TEAM5.PRODUCT_IMAGE (PRODUCT_ID,PRODUCT_USECASE,IMAGE_ORIGINAL_NAME,IMAGE_TYPE) values (9,'DETAIL','파인치즈 케익_상세.jpg','image/jpeg');
Insert into USER_2024_OTI_MINI_TEAM5.PRODUCT_IMAGE (PRODUCT_ID,PRODUCT_USECASE,IMAGE_ORIGINAL_NAME,IMAGE_TYPE) values (10,'THUMBNAIL','프레지에 에큠.jpg','image/jpeg');
Insert into USER_2024_OTI_MINI_TEAM5.PRODUCT_IMAGE (PRODUCT_ID,PRODUCT_USECASE,IMAGE_ORIGINAL_NAME,IMAGE_TYPE) values (10,'DETAIL','프레지에 에큠_상세.jpg','image/jpeg');
Insert into USER_2024_OTI_MINI_TEAM5.PRODUCT_IMAGE (PRODUCT_ID,PRODUCT_USECASE,IMAGE_ORIGINAL_NAME,IMAGE_TYPE) values (11,'THUMBNAIL','프레지에.jpg','image/jpeg');
Insert into USER_2024_OTI_MINI_TEAM5.PRODUCT_IMAGE (PRODUCT_ID,PRODUCT_USECASE,IMAGE_ORIGINAL_NAME,IMAGE_TYPE) values (11,'DETAIL','프레지에_상세.jpg','image/jpeg');
Insert into USER_2024_OTI_MINI_TEAM5.PRODUCT_IMAGE (PRODUCT_ID,PRODUCT_USECASE,IMAGE_ORIGINAL_NAME,IMAGE_TYPE) values (12,'THUMBNAIL','후랑보아즈.jpg','image/jpeg');
Insert into USER_2024_OTI_MINI_TEAM5.PRODUCT_IMAGE (PRODUCT_ID,PRODUCT_USECASE,IMAGE_ORIGINAL_NAME,IMAGE_TYPE) values (12,'DETAIL','후랑보아즈_상세.jpg','image/jpeg');
Insert into USER_2024_OTI_MINI_TEAM5.PRODUCT_IMAGE (PRODUCT_ID,PRODUCT_USECASE,IMAGE_ORIGINAL_NAME,IMAGE_TYPE) values (13,'THUMBNAIL','스위스롤 & 말차롤케익.jpg','image/jpeg');
Insert into USER_2024_OTI_MINI_TEAM5.PRODUCT_IMAGE (PRODUCT_ID,PRODUCT_USECASE,IMAGE_ORIGINAL_NAME,IMAGE_TYPE) values (13,'DETAIL','스위스롤 & 말차롤케익_상세.jpg','image/jpeg');
Insert into USER_2024_OTI_MINI_TEAM5.PRODUCT_IMAGE (PRODUCT_ID,PRODUCT_USECASE,IMAGE_ORIGINAL_NAME,IMAGE_TYPE) values (14,'DETAIL','코코넛쿠키(6EA)_상세.jpg','image/jpeg');
Insert into USER_2024_OTI_MINI_TEAM5.PRODUCT_IMAGE (PRODUCT_ID,PRODUCT_USECASE,IMAGE_ORIGINAL_NAME,IMAGE_TYPE) values (45,'THUMBNAIL','노아(6EA)','image/jpeg');
Insert into USER_2024_OTI_MINI_TEAM5.PRODUCT_IMAGE (PRODUCT_ID,PRODUCT_USECASE,IMAGE_ORIGINAL_NAME,IMAGE_TYPE) values (45,'DETAIL','노아(6EA)_상세','image/jpeg');
Insert into USER_2024_OTI_MINI_TEAM5.PRODUCT_IMAGE (PRODUCT_ID,PRODUCT_USECASE,IMAGE_ORIGINAL_NAME,IMAGE_TYPE) values (35,'THUMBNAIL','그리스넛(6EA)','image/jpeg');
Insert into USER_2024_OTI_MINI_TEAM5.PRODUCT_IMAGE (PRODUCT_ID,PRODUCT_USECASE,IMAGE_ORIGINAL_NAME,IMAGE_TYPE) values (35,'DETAIL','그리스넛(6EA)_상세','image/jpeg');
Insert into USER_2024_OTI_MINI_TEAM5.PRODUCT_IMAGE (PRODUCT_ID,PRODUCT_USECASE,IMAGE_ORIGINAL_NAME,IMAGE_TYPE) values (36,'THUMBNAIL','뚜쇼꼬(8EA)','image/jpeg');
Insert into USER_2024_OTI_MINI_TEAM5.PRODUCT_IMAGE (PRODUCT_ID,PRODUCT_USECASE,IMAGE_ORIGINAL_NAME,IMAGE_TYPE) values (36,'DETAIL','뚜쇼꼬(8EA)_상세','image/jpeg');
Insert into USER_2024_OTI_MINI_TEAM5.PRODUCT_IMAGE (PRODUCT_ID,PRODUCT_USECASE,IMAGE_ORIGINAL_NAME,IMAGE_TYPE) values (37,'THUMBNAIL','미니망디앙(8EA)','image/jpeg');
Insert into USER_2024_OTI_MINI_TEAM5.PRODUCT_IMAGE (PRODUCT_ID,PRODUCT_USECASE,IMAGE_ORIGINAL_NAME,IMAGE_TYPE) values (37,'DETAIL','미니망디앙(8EA)_상세','image/jpeg');
Insert into USER_2024_OTI_MINI_TEAM5.PRODUCT_IMAGE (PRODUCT_ID,PRODUCT_USECASE,IMAGE_ORIGINAL_NAME,IMAGE_TYPE) values (38,'THUMBNAIL','샤블레(4EA)','image/jpeg');
Insert into USER_2024_OTI_MINI_TEAM5.PRODUCT_IMAGE (PRODUCT_ID,PRODUCT_USECASE,IMAGE_ORIGINAL_NAME,IMAGE_TYPE) values (38,'DETAIL','샤블레(4EA)_상세','image/jpeg');
Insert into USER_2024_OTI_MINI_TEAM5.PRODUCT_IMAGE (PRODUCT_ID,PRODUCT_USECASE,IMAGE_ORIGINAL_NAME,IMAGE_TYPE) values (39,'THUMBNAIL','쇼꼴라 노아젯트','image/jpeg');
Insert into USER_2024_OTI_MINI_TEAM5.PRODUCT_IMAGE (PRODUCT_ID,PRODUCT_USECASE,IMAGE_ORIGINAL_NAME,IMAGE_TYPE) values (39,'DETAIL','쇼꼴라 노아젯트_상세','image/png');
Insert into USER_2024_OTI_MINI_TEAM5.PRODUCT_IMAGE (PRODUCT_ID,PRODUCT_USECASE,IMAGE_ORIGINAL_NAME,IMAGE_TYPE) values (40,'THUMBNAIL','시칠리아(6EA)','image/jpeg');
Insert into USER_2024_OTI_MINI_TEAM5.PRODUCT_IMAGE (PRODUCT_ID,PRODUCT_USECASE,IMAGE_ORIGINAL_NAME,IMAGE_TYPE) values (40,'DETAIL','시칠리아(6EA)_상세','image/jpeg');
Insert into USER_2024_OTI_MINI_TEAM5.PRODUCT_IMAGE (PRODUCT_ID,PRODUCT_USECASE,IMAGE_ORIGINAL_NAME,IMAGE_TYPE) values (41,'THUMBNAIL','초코빨미에(10EA)','image/jpeg');
Insert into USER_2024_OTI_MINI_TEAM5.PRODUCT_IMAGE (PRODUCT_ID,PRODUCT_USECASE,IMAGE_ORIGINAL_NAME,IMAGE_TYPE) values (41,'DETAIL','초코빨미에(10EA)_상세','image/jpeg');
Insert into USER_2024_OTI_MINI_TEAM5.PRODUCT_IMAGE (PRODUCT_ID,PRODUCT_USECASE,IMAGE_ORIGINAL_NAME,IMAGE_TYPE) values (42,'THUMBNAIL','호두쿠키(6EA)','image/jpeg');
Insert into USER_2024_OTI_MINI_TEAM5.PRODUCT_IMAGE (PRODUCT_ID,PRODUCT_USECASE,IMAGE_ORIGINAL_NAME,IMAGE_TYPE) values (42,'DETAIL','호두쿠키(6EA)_상세','image/jpeg');
Insert into USER_2024_OTI_MINI_TEAM5.PRODUCT_IMAGE (PRODUCT_ID,PRODUCT_USECASE,IMAGE_ORIGINAL_NAME,IMAGE_TYPE) values (43,'THUMBNAIL','랑그 드 샤','image/jpeg');
Insert into USER_2024_OTI_MINI_TEAM5.PRODUCT_IMAGE (PRODUCT_ID,PRODUCT_USECASE,IMAGE_ORIGINAL_NAME,IMAGE_TYPE) values (43,'DETAIL','랑그 드 샤_상세','image/jpeg');
Insert into USER_2024_OTI_MINI_TEAM5.PRODUCT_IMAGE (PRODUCT_ID,PRODUCT_USECASE,IMAGE_ORIGINAL_NAME,IMAGE_TYPE) values (44,'THUMBNAIL','꼬끼유(12EA)','image/jpeg');
Insert into USER_2024_OTI_MINI_TEAM5.PRODUCT_IMAGE (PRODUCT_ID,PRODUCT_USECASE,IMAGE_ORIGINAL_NAME,IMAGE_TYPE) values (44,'DETAIL','꼬끼유(12EA)_상세','image/jpeg');
Insert into USER_2024_OTI_MINI_TEAM5.PRODUCT_IMAGE (PRODUCT_ID,PRODUCT_USECASE,IMAGE_ORIGINAL_NAME,IMAGE_TYPE) values (46,'THUMBNAIL','라무르(6EA)','image/jpeg');
Insert into USER_2024_OTI_MINI_TEAM5.PRODUCT_IMAGE (PRODUCT_ID,PRODUCT_USECASE,IMAGE_ORIGINAL_NAME,IMAGE_TYPE) values (46,'DETAIL','라무르(6EA)_상세','image/jpeg');
Insert into USER_2024_OTI_MINI_TEAM5.PRODUCT_IMAGE (PRODUCT_ID,PRODUCT_USECASE,IMAGE_ORIGINAL_NAME,IMAGE_TYPE) values (47,'THUMBNAIL','라피누','image/jpeg');
Insert into USER_2024_OTI_MINI_TEAM5.PRODUCT_IMAGE (PRODUCT_ID,PRODUCT_USECASE,IMAGE_ORIGINAL_NAME,IMAGE_TYPE) values (47,'DETAIL','라피누_상세','image/jpeg');
Insert into USER_2024_OTI_MINI_TEAM5.PRODUCT_IMAGE (PRODUCT_ID,PRODUCT_USECASE,IMAGE_ORIGINAL_NAME,IMAGE_TYPE) values (48,'THUMBNAIL','루이즈의 모자(5EA)','image/jpeg');
Insert into USER_2024_OTI_MINI_TEAM5.PRODUCT_IMAGE (PRODUCT_ID,PRODUCT_USECASE,IMAGE_ORIGINAL_NAME,IMAGE_TYPE) values (48,'DETAIL','루이즈의 모자(5EA)_상세','image/jpeg');
Insert into USER_2024_OTI_MINI_TEAM5.PRODUCT_IMAGE (PRODUCT_ID,PRODUCT_USECASE,IMAGE_ORIGINAL_NAME,IMAGE_TYPE) values (49,'THUMBNAIL','복수초·요깡 세트','image/jpeg');
Insert into USER_2024_OTI_MINI_TEAM5.PRODUCT_IMAGE (PRODUCT_ID,PRODUCT_USECASE,IMAGE_ORIGINAL_NAME,IMAGE_TYPE) values (49,'DETAIL','복수초·요깡 세트_상세','image/jpeg');
Insert into USER_2024_OTI_MINI_TEAM5.PRODUCT_IMAGE (PRODUCT_ID,PRODUCT_USECASE,IMAGE_ORIGINAL_NAME,IMAGE_TYPE) values (50,'THUMBNAIL','빨미에(10EA)','image/jpeg');
Insert into USER_2024_OTI_MINI_TEAM5.PRODUCT_IMAGE (PRODUCT_ID,PRODUCT_USECASE,IMAGE_ORIGINAL_NAME,IMAGE_TYPE) values (50,'DETAIL','빨미에(10EA)_상세','image/jpeg');
Insert into USER_2024_OTI_MINI_TEAM5.PRODUCT_IMAGE (PRODUCT_ID,PRODUCT_USECASE,IMAGE_ORIGINAL_NAME,IMAGE_TYPE) values (51,'THUMBNAIL','빨미에(대)(10EA)','image/jpeg');
Insert into USER_2024_OTI_MINI_TEAM5.PRODUCT_IMAGE (PRODUCT_ID,PRODUCT_USECASE,IMAGE_ORIGINAL_NAME,IMAGE_TYPE) values (51,'DETAIL','빨미에(대)(10EA)_상세','image/jpeg');
Insert into USER_2024_OTI_MINI_TEAM5.PRODUCT_IMAGE (PRODUCT_ID,PRODUCT_USECASE,IMAGE_ORIGINAL_NAME,IMAGE_TYPE) values (52,'DETAIL','아몬드 쇼꼴라 2종_상세','image/jpeg');
Insert into USER_2024_OTI_MINI_TEAM5.PRODUCT_IMAGE (PRODUCT_ID,PRODUCT_USECASE,IMAGE_ORIGINAL_NAME,IMAGE_TYPE) values (53,'THUMBNAIL','안나마리아','image/jpeg');
Insert into USER_2024_OTI_MINI_TEAM5.PRODUCT_IMAGE (PRODUCT_ID,PRODUCT_USECASE,IMAGE_ORIGINAL_NAME,IMAGE_TYPE) values (53,'DETAIL','안나마리아_상세','image/jpeg');
Insert into USER_2024_OTI_MINI_TEAM5.PRODUCT_IMAGE (PRODUCT_ID,PRODUCT_USECASE,IMAGE_ORIGINAL_NAME,IMAGE_TYPE) values (54,'THUMBNAIL','에스까르고(10EA)','image/jpeg');
Insert into USER_2024_OTI_MINI_TEAM5.PRODUCT_IMAGE (PRODUCT_ID,PRODUCT_USECASE,IMAGE_ORIGINAL_NAME,IMAGE_TYPE) values (54,'DETAIL','에스까르고(10EA)_상세','image/jpeg');
Insert into USER_2024_OTI_MINI_TEAM5.PRODUCT_IMAGE (PRODUCT_ID,PRODUCT_USECASE,IMAGE_ORIGINAL_NAME,IMAGE_TYPE) values (55,'THUMBNAIL','잣쿠키(6EA)','image/jpeg');
Insert into USER_2024_OTI_MINI_TEAM5.PRODUCT_IMAGE (PRODUCT_ID,PRODUCT_USECASE,IMAGE_ORIGINAL_NAME,IMAGE_TYPE) values (55,'DETAIL','잣쿠키(6EA)_상세','image/jpeg');
Insert into USER_2024_OTI_MINI_TEAM5.PRODUCT_IMAGE (PRODUCT_ID,PRODUCT_USECASE,IMAGE_ORIGINAL_NAME,IMAGE_TYPE) values (56,'THUMBNAIL','초코 구운과자 묶음(4+1)','image/jpeg');
Insert into USER_2024_OTI_MINI_TEAM5.PRODUCT_IMAGE (PRODUCT_ID,PRODUCT_USECASE,IMAGE_ORIGINAL_NAME,IMAGE_TYPE) values (56,'DETAIL','초코 구운과자 묶음(4+1)_상세','image/jpeg');
Insert into USER_2024_OTI_MINI_TEAM5.PRODUCT_IMAGE (PRODUCT_ID,PRODUCT_USECASE,IMAGE_ORIGINAL_NAME,IMAGE_TYPE) values (57,'THUMBNAIL','초코쿠키(6EA)','image/jpeg');
Insert into USER_2024_OTI_MINI_TEAM5.PRODUCT_IMAGE (PRODUCT_ID,PRODUCT_USECASE,IMAGE_ORIGINAL_NAME,IMAGE_TYPE) values (57,'DETAIL','초코쿠키(6EA)_상세','image/jpeg');
Insert into USER_2024_OTI_MINI_TEAM5.PRODUCT_IMAGE (PRODUCT_ID,PRODUCT_USECASE,IMAGE_ORIGINAL_NAME,IMAGE_TYPE) values (58,'THUMBNAIL','초코페라','image/jpeg');
Insert into USER_2024_OTI_MINI_TEAM5.PRODUCT_IMAGE (PRODUCT_ID,PRODUCT_USECASE,IMAGE_ORIGINAL_NAME,IMAGE_TYPE) values (58,'DETAIL','초코페라_상세','image/jpeg');
Insert into USER_2024_OTI_MINI_TEAM5.PRODUCT_IMAGE (PRODUCT_ID,PRODUCT_USECASE,IMAGE_ORIGINAL_NAME,IMAGE_TYPE) values (59,'THUMBNAIL','페퍼쿠키(6EA)','image/jpeg');
Insert into USER_2024_OTI_MINI_TEAM5.PRODUCT_IMAGE (PRODUCT_ID,PRODUCT_USECASE,IMAGE_ORIGINAL_NAME,IMAGE_TYPE) values (59,'DETAIL','페퍼쿠키(6EA)_상세','image/jpeg');
Insert into USER_2024_OTI_MINI_TEAM5.PRODUCT_IMAGE (PRODUCT_ID,PRODUCT_USECASE,IMAGE_ORIGINAL_NAME,IMAGE_TYPE) values (60,'THUMBNAIL','프시케(6EA)','image/jpeg');
Insert into USER_2024_OTI_MINI_TEAM5.PRODUCT_IMAGE (PRODUCT_ID,PRODUCT_USECASE,IMAGE_ORIGINAL_NAME,IMAGE_TYPE) values (60,'DETAIL','프시케(6EA)_상세','image/jpeg');
Insert into USER_2024_OTI_MINI_TEAM5.PRODUCT_IMAGE (PRODUCT_ID,PRODUCT_USECASE,IMAGE_ORIGINAL_NAME,IMAGE_TYPE) values (61,'THUMBNAIL','튈 코코 & 아멍드','image/jpeg');
Insert into USER_2024_OTI_MINI_TEAM5.PRODUCT_IMAGE (PRODUCT_ID,PRODUCT_USECASE,IMAGE_ORIGINAL_NAME,IMAGE_TYPE) values (14,'THUMBNAIL','코코넛쿠키(6EA),jpg','image/jpeg');
Insert into USER_2024_OTI_MINI_TEAM5.PRODUCT_IMAGE (PRODUCT_ID,PRODUCT_USECASE,IMAGE_ORIGINAL_NAME,IMAGE_TYPE) values (61,'DETAIL','튈 코코 & 아멍드_상세','image/jpeg');
Insert into USER_2024_OTI_MINI_TEAM5.PRODUCT_IMAGE (PRODUCT_ID,PRODUCT_USECASE,IMAGE_ORIGINAL_NAME,IMAGE_TYPE) values (120,'DETAIL','바닐라 생크림 케익_상세.jpg','image/jpeg');
Insert into USER_2024_OTI_MINI_TEAM5.PRODUCT_IMAGE (PRODUCT_ID,PRODUCT_USECASE,IMAGE_ORIGINAL_NAME,IMAGE_TYPE) values (120,'THUMBNAIL','퇴근.jpg','image/jpeg');
Insert into USER_2024_OTI_MINI_TEAM5.PRODUCT_IMAGE (PRODUCT_ID,PRODUCT_USECASE,IMAGE_ORIGINAL_NAME,IMAGE_TYPE) values (52,'THUMBNAIL','아몬드 쇼꼴라 2종.jpg','image/jpeg');
Insert into USER_2024_OTI_MINI_TEAM5.PRODUCT_IMAGE (PRODUCT_ID,PRODUCT_USECASE,IMAGE_ORIGINAL_NAME,IMAGE_TYPE) values (15,'THUMBNAIL','그리오틴 케익(6EA).jpg','image/jpeg');
Insert into USER_2024_OTI_MINI_TEAM5.PRODUCT_IMAGE (PRODUCT_ID,PRODUCT_USECASE,IMAGE_ORIGINAL_NAME,IMAGE_TYPE) values (15,'DETAIL','그리오틴 케익(6EA)_상세.jpg','image/jpeg');
Insert into USER_2024_OTI_MINI_TEAM5.PRODUCT_IMAGE (PRODUCT_ID,PRODUCT_USECASE,IMAGE_ORIGINAL_NAME,IMAGE_TYPE) values (16,'THUMBNAIL','되리브르(대).jpg','image/jpeg');
Insert into USER_2024_OTI_MINI_TEAM5.PRODUCT_IMAGE (PRODUCT_ID,PRODUCT_USECASE,IMAGE_ORIGINAL_NAME,IMAGE_TYPE) values (16,'DETAIL','되리브르(대)_상세.jpg','image/jpeg');
Insert into USER_2024_OTI_MINI_TEAM5.PRODUCT_IMAGE (PRODUCT_ID,PRODUCT_USECASE,IMAGE_ORIGINAL_NAME,IMAGE_TYPE) values (2,'THUMBNAIL','걀렛뜨 데로와 푀유떼.jpg','image/jpeg');
Insert into USER_2024_OTI_MINI_TEAM5.PRODUCT_IMAGE (PRODUCT_ID,PRODUCT_USECASE,IMAGE_ORIGINAL_NAME,IMAGE_TYPE) values (2,'DETAIL','걀렛뜨 데로와 푀유떼_상세.jpg','image/jpeg');
Insert into USER_2024_OTI_MINI_TEAM5.PRODUCT_IMAGE (PRODUCT_ID,PRODUCT_USECASE,IMAGE_ORIGINAL_NAME,IMAGE_TYPE) values (17,'THUMBNAIL','땅드레스 아로랑쥬(6EA).jpg','image/jpeg');
Insert into USER_2024_OTI_MINI_TEAM5.PRODUCT_IMAGE (PRODUCT_ID,PRODUCT_USECASE,IMAGE_ORIGINAL_NAME,IMAGE_TYPE) values (17,'DETAIL','땅드레스 아로랑쥬(6EA)_상세.jpg','image/jpeg');
Insert into USER_2024_OTI_MINI_TEAM5.PRODUCT_IMAGE (PRODUCT_ID,PRODUCT_USECASE,IMAGE_ORIGINAL_NAME,IMAGE_TYPE) values (18,'THUMBNAIL','로데브.jpg','image/jpeg');
Insert into USER_2024_OTI_MINI_TEAM5.PRODUCT_IMAGE (PRODUCT_ID,PRODUCT_USECASE,IMAGE_ORIGINAL_NAME,IMAGE_TYPE) values (18,'DETAIL','로데브_상세.jpg','image/jpeg');
Insert into USER_2024_OTI_MINI_TEAM5.PRODUCT_IMAGE (PRODUCT_ID,PRODUCT_USECASE,IMAGE_ORIGINAL_NAME,IMAGE_TYPE) values (19,'THUMBNAIL','르뱅 꾸뻬.jpg','image/jpeg');
Insert into USER_2024_OTI_MINI_TEAM5.PRODUCT_IMAGE (PRODUCT_ID,PRODUCT_USECASE,IMAGE_ORIGINAL_NAME,IMAGE_TYPE) values (19,'DETAIL','르뱅 꾸뻬_상세.jpg','image/jpeg');
Insert into USER_2024_OTI_MINI_TEAM5.PRODUCT_IMAGE (PRODUCT_ID,PRODUCT_USECASE,IMAGE_ORIGINAL_NAME,IMAGE_TYPE) values (20,'THUMBNAIL','마블케익.jpg','image/jpeg');
Insert into USER_2024_OTI_MINI_TEAM5.PRODUCT_IMAGE (PRODUCT_ID,PRODUCT_USECASE,IMAGE_ORIGINAL_NAME,IMAGE_TYPE) values (20,'DETAIL','마블케익_상세.jpg','image/jpeg');
Insert into USER_2024_OTI_MINI_TEAM5.PRODUCT_IMAGE (PRODUCT_ID,PRODUCT_USECASE,IMAGE_ORIGINAL_NAME,IMAGE_TYPE) values (21,'THUMBNAIL','바따르.jpg','image/jpeg');
Insert into USER_2024_OTI_MINI_TEAM5.PRODUCT_IMAGE (PRODUCT_ID,PRODUCT_USECASE,IMAGE_ORIGINAL_NAME,IMAGE_TYPE) values (21,'DETAIL','바따르_상세.jpg','image/jpeg');
Insert into USER_2024_OTI_MINI_TEAM5.PRODUCT_IMAGE (PRODUCT_ID,PRODUCT_USECASE,IMAGE_ORIGINAL_NAME,IMAGE_TYPE) values (22,'THUMBNAIL','빠리지앵.jpg','image/jpeg');
Insert into USER_2024_OTI_MINI_TEAM5.PRODUCT_IMAGE (PRODUCT_ID,PRODUCT_USECASE,IMAGE_ORIGINAL_NAME,IMAGE_TYPE) values (22,'DETAIL','빠리지앵_상세.jpg','image/jpeg');
Insert into USER_2024_OTI_MINI_TEAM5.PRODUCT_IMAGE (PRODUCT_ID,PRODUCT_USECASE,IMAGE_ORIGINAL_NAME,IMAGE_TYPE) values (23,'THUMBNAIL','뺑드미.jpg','image/jpeg');
Insert into USER_2024_OTI_MINI_TEAM5.PRODUCT_IMAGE (PRODUCT_ID,PRODUCT_USECASE,IMAGE_ORIGINAL_NAME,IMAGE_TYPE) values (23,'DETAIL','뺑드미_상세.jpg','image/jpeg');
Insert into USER_2024_OTI_MINI_TEAM5.PRODUCT_IMAGE (PRODUCT_ID,PRODUCT_USECASE,IMAGE_ORIGINAL_NAME,IMAGE_TYPE) values (24,'THUMBNAIL','세글 누아레쟁.jpg','image/jpeg');
Insert into USER_2024_OTI_MINI_TEAM5.PRODUCT_IMAGE (PRODUCT_ID,PRODUCT_USECASE,IMAGE_ORIGINAL_NAME,IMAGE_TYPE) values (24,'DETAIL','세글 누아레쟁_상세.jpg','image/jpeg');
Insert into USER_2024_OTI_MINI_TEAM5.PRODUCT_IMAGE (PRODUCT_ID,PRODUCT_USECASE,IMAGE_ORIGINAL_NAME,IMAGE_TYPE) values (25,'THUMBNAIL','오렌지케익.jpg','image/jpeg');
Insert into USER_2024_OTI_MINI_TEAM5.PRODUCT_IMAGE (PRODUCT_ID,PRODUCT_USECASE,IMAGE_ORIGINAL_NAME,IMAGE_TYPE) values (25,'DETAIL','오렌지케익_상세.jpg','image/jpeg');
Insert into USER_2024_OTI_MINI_TEAM5.PRODUCT_IMAGE (PRODUCT_ID,PRODUCT_USECASE,IMAGE_ORIGINAL_NAME,IMAGE_TYPE) values (26,'THUMBNAIL','유산균 발효 식빵.jpg','image/jpeg');
Insert into USER_2024_OTI_MINI_TEAM5.PRODUCT_IMAGE (PRODUCT_ID,PRODUCT_USECASE,IMAGE_ORIGINAL_NAME,IMAGE_TYPE) values (26,'DETAIL','유산균 발효 식빵_상세.png','image/png');
Insert into USER_2024_OTI_MINI_TEAM5.PRODUCT_IMAGE (PRODUCT_ID,PRODUCT_USECASE,IMAGE_ORIGINAL_NAME,IMAGE_TYPE) values (27,'THUMBNAIL','이탈리안 레몬케익.jpg','image/jpeg');
Insert into USER_2024_OTI_MINI_TEAM5.PRODUCT_IMAGE (PRODUCT_ID,PRODUCT_USECASE,IMAGE_ORIGINAL_NAME,IMAGE_TYPE) values (27,'DETAIL','이탈리안 레몬케익_상세.jpg','image/jpeg');
Insert into USER_2024_OTI_MINI_TEAM5.PRODUCT_IMAGE (PRODUCT_ID,PRODUCT_USECASE,IMAGE_ORIGINAL_NAME,IMAGE_TYPE) values (28,'THUMBNAIL','잉글리쉬 파운드.jpg','image/jpeg');
Insert into USER_2024_OTI_MINI_TEAM5.PRODUCT_IMAGE (PRODUCT_ID,PRODUCT_USECASE,IMAGE_ORIGINAL_NAME,IMAGE_TYPE) values (28,'DETAIL','잉글리쉬 파운드_상세.jpg','image/jpeg');
Insert into USER_2024_OTI_MINI_TEAM5.PRODUCT_IMAGE (PRODUCT_ID,PRODUCT_USECASE,IMAGE_ORIGINAL_NAME,IMAGE_TYPE) values (29,'THUMBNAIL','자연효모빵.jpg','image/jpeg');
Insert into USER_2024_OTI_MINI_TEAM5.PRODUCT_IMAGE (PRODUCT_ID,PRODUCT_USECASE,IMAGE_ORIGINAL_NAME,IMAGE_TYPE) values (29,'DETAIL','자연효모빵_상세.jpg','image/jpeg');
Insert into USER_2024_OTI_MINI_TEAM5.PRODUCT_IMAGE (PRODUCT_ID,PRODUCT_USECASE,IMAGE_ORIGINAL_NAME,IMAGE_TYPE) values (30,'THUMBNAIL','카스텔라.jpg','image/jpeg');
Insert into USER_2024_OTI_MINI_TEAM5.PRODUCT_IMAGE (PRODUCT_ID,PRODUCT_USECASE,IMAGE_ORIGINAL_NAME,IMAGE_TYPE) values (30,'DETAIL','카스텔라_상세.jpg','image/jpeg');
Insert into USER_2024_OTI_MINI_TEAM5.PRODUCT_IMAGE (PRODUCT_ID,PRODUCT_USECASE,IMAGE_ORIGINAL_NAME,IMAGE_TYPE) values (31,'THUMBNAIL','파네토네.jpg','image/jpeg');
Insert into USER_2024_OTI_MINI_TEAM5.PRODUCT_IMAGE (PRODUCT_ID,PRODUCT_USECASE,IMAGE_ORIGINAL_NAME,IMAGE_TYPE) values (31,'DETAIL','파네토네_상세.png','image/png');
Insert into USER_2024_OTI_MINI_TEAM5.PRODUCT_IMAGE (PRODUCT_ID,PRODUCT_USECASE,IMAGE_ORIGINAL_NAME,IMAGE_TYPE) values (32,'THUMBNAIL','팡도르.jpg','image/jpeg');
Insert into USER_2024_OTI_MINI_TEAM5.PRODUCT_IMAGE (PRODUCT_ID,PRODUCT_USECASE,IMAGE_ORIGINAL_NAME,IMAGE_TYPE) values (32,'DETAIL','팡도르_상세.png','image/png');
Insert into USER_2024_OTI_MINI_TEAM5.PRODUCT_IMAGE (PRODUCT_ID,PRODUCT_USECASE,IMAGE_ORIGINAL_NAME,IMAGE_TYPE) values (33,'THUMBNAIL','후르츠케익.jpg','image/jpeg');
Insert into USER_2024_OTI_MINI_TEAM5.PRODUCT_IMAGE (PRODUCT_ID,PRODUCT_USECASE,IMAGE_ORIGINAL_NAME,IMAGE_TYPE) values (33,'DETAIL','후르츠케익_상세.jpg','image/jpeg');
REM INSERTING into USER_2024_OTI_MINI_TEAM5.PRODUCT_REVIEW
SET DEFINE OFF;
Insert into USER_2024_OTI_MINI_TEAM5.PRODUCT_REVIEW (PRODUCT_REVIEW_ID,REVIEW_TITLE,REVIEW_POINT,REVIEW_VIEWS,REVIEW_DATE,MEMBER_ID,PRODUCT_ID) values (1,'케揚 촉촉해요',5,25,to_timestamp('24/09/24 20:33:16.000000000','RR/MM/DD HH24:MI:SSXFF'),'yooni01',8);
Insert into USER_2024_OTI_MINI_TEAM5.PRODUCT_REVIEW (PRODUCT_REVIEW_ID,REVIEW_TITLE,REVIEW_POINT,REVIEW_VIEWS,REVIEW_DATE,MEMBER_ID,PRODUCT_ID) values (2,'바게트빵 진짜 담백해요~',5,22,to_timestamp('24/09/25 11:21:27.000000000','RR/MM/DD HH24:MI:SSXFF'),'yooni01',21);
Insert into USER_2024_OTI_MINI_TEAM5.PRODUCT_REVIEW (PRODUCT_REVIEW_ID,REVIEW_TITLE,REVIEW_POINT,REVIEW_VIEWS,REVIEW_DATE,MEMBER_ID,PRODUCT_ID) values (25,'티라미수 케이크~',1,2,to_timestamp('24/09/27 18:26:28.000000000','RR/MM/DD HH24:MI:SSXFF'),'yooni01',8);
Insert into USER_2024_OTI_MINI_TEAM5.PRODUCT_REVIEW (PRODUCT_REVIEW_ID,REVIEW_TITLE,REVIEW_POINT,REVIEW_VIEWS,REVIEW_DATE,MEMBER_ID,PRODUCT_ID) values (48,'티라미수가 촉촉해요',1,4,to_timestamp('24/10/01 10:39:40.000000000','RR/MM/DD HH24:MI:SSXFF'),'yooni01',8);
Insert into USER_2024_OTI_MINI_TEAM5.PRODUCT_REVIEW (PRODUCT_REVIEW_ID,REVIEW_TITLE,REVIEW_POINT,REVIEW_VIEWS,REVIEW_DATE,MEMBER_ID,PRODUCT_ID) values (49,'티라미수가 촉촉해요',1,0,to_timestamp('24/10/01 10:39:40.000000000','RR/MM/DD HH24:MI:SSXFF'),'yooni01',8);
Insert into USER_2024_OTI_MINI_TEAM5.PRODUCT_REVIEW (PRODUCT_REVIEW_ID,REVIEW_TITLE,REVIEW_POINT,REVIEW_VIEWS,REVIEW_DATE,MEMBER_ID,PRODUCT_ID) values (3,'빵이 맛있긴 한데 좀 달아요',3,10,to_timestamp('24/09/26 09:54:38.405000000','RR/MM/DD HH24:MI:SSXFF'),'yooni01',2);
Insert into USER_2024_OTI_MINI_TEAM5.PRODUCT_REVIEW (PRODUCT_REVIEW_ID,REVIEW_TITLE,REVIEW_POINT,REVIEW_VIEWS,REVIEW_DATE,MEMBER_ID,PRODUCT_ID) values (4,'다른 맛도 만들어주세요 ! 너무 맛있네요',5,13,to_timestamp('24/09/26 09:56:02.316000000','RR/MM/DD HH24:MI:SSXFF'),'yooni01',15);
Insert into USER_2024_OTI_MINI_TEAM5.PRODUCT_REVIEW (PRODUCT_REVIEW_ID,REVIEW_TITLE,REVIEW_POINT,REVIEW_VIEWS,REVIEW_DATE,MEMBER_ID,PRODUCT_ID) values (5,'케恙【 바퀴벌레 나왔어요',1,27,to_timestamp('24/09/26 21:17:52.000000000','RR/MM/DD HH24:MI:SSXFF'),'yooni01',8);
Insert into USER_2024_OTI_MINI_TEAM5.PRODUCT_REVIEW (PRODUCT_REVIEW_ID,REVIEW_TITLE,REVIEW_POINT,REVIEW_VIEWS,REVIEW_DATE,MEMBER_ID,PRODUCT_ID) values (46,'초코가 많이 달지 않아서 좋아요',5,3,to_timestamp('24/10/01 10:14:10.000000000','RR/MM/DD HH24:MI:SSXFF'),'yooni01',1);
REM INSERTING into USER_2024_OTI_MINI_TEAM5."comment"
SET DEFINE OFF;
Insert into USER_2024_OTI_MINI_TEAM5."comment" (COMMENT_ID,COMMENT_CONTENT,COMMENT_DATETIME,MEMBER_ID,NOTICE_ID,HELPDESK_ID) values (47,'꼬끼유는 모두 개별 포장되어 안전한 폼과 함께 동봉되어 보내집니다.<br>고객님께서 따로 메모를 남겨주시면, 최선을 다해서 포장 및 배송해 드리도록 하겠습니다.',to_timestamp('24/10/06 21:50:12.000000000','RR/MM/DD HH24:MI:SSXFF'),'admin',null,41);
Insert into USER_2024_OTI_MINI_TEAM5."comment" (COMMENT_ID,COMMENT_CONTENT,COMMENT_DATETIME,MEMBER_ID,NOTICE_ID,HELPDESK_ID) values (48,'다과용으로 6인이 드시기엔 알맞은 크기입니다. 부족하시다면 다른 디저트도 추가하여서 함께 드셔보시길 권장드립니다.<br>매번 저희 베이커리를 이용해주셔서 감사합니다.',to_timestamp('24/10/06 21:51:04.000000000','RR/MM/DD HH24:MI:SSXFF'),'admin',null,40);
Insert into USER_2024_OTI_MINI_TEAM5."comment" (COMMENT_ID,COMMENT_CONTENT,COMMENT_DATETIME,MEMBER_ID,NOTICE_ID,HELPDESK_ID) values (46,'가능한 구입 즉시 당일 섭취를 권장드리고 있습니다. <br>혹시 색이 변하였다면, 섭취를 제한하시길 바랍니다.',to_timestamp('24/10/06 21:49:16.000000000','RR/MM/DD HH24:MI:SSXFF'),'admin',null,42);
Insert into USER_2024_OTI_MINI_TEAM5."comment" (COMMENT_ID,COMMENT_CONTENT,COMMENT_DATETIME,MEMBER_ID,NOTICE_ID,HELPDESK_ID) values (49,'감사합니다. 상품이 입고되면 바로 알람을 드리도록 하겠습니다. 감사합니다.',to_timestamp('24/10/06 21:51:24.000000000','RR/MM/DD HH24:MI:SSXFF'),'admin',null,21);
Insert into USER_2024_OTI_MINI_TEAM5."comment" (COMMENT_ID,COMMENT_CONTENT,COMMENT_DATETIME,MEMBER_ID,NOTICE_ID,HELPDESK_ID) values (50,'노아도 부족하네요... 노아도 입고 부탁드립니다...',to_timestamp('24/10/07 00:41:41.000000000','RR/MM/DD HH24:MI:SSXFF'),'sh510',null,102);
Insert into USER_2024_OTI_MINI_TEAM5."comment" (COMMENT_ID,COMMENT_CONTENT,COMMENT_DATETIME,MEMBER_ID,NOTICE_ID,HELPDESK_ID) values (23,'임의댓글',to_timestamp('24/09/29 18:18:45.000000000','RR/MM/DD HH24:MI:SSXFF'),'admin',81,null);
Insert into USER_2024_OTI_MINI_TEAM5."comment" (COMMENT_ID,COMMENT_CONTENT,COMMENT_DATETIME,MEMBER_ID,NOTICE_ID,HELPDESK_ID) values (41,'와, 이번 기회에 많이 사야겠습니다.',to_timestamp('24/10/06 17:53:08.000000000','RR/MM/DD HH24:MI:SSXFF'),'sh510',83,null);
Insert into USER_2024_OTI_MINI_TEAM5."comment" (COMMENT_ID,COMMENT_CONTENT,COMMENT_DATETIME,MEMBER_ID,NOTICE_ID,HELPDESK_ID) values (42,'신상품이 많이 나와서 다양한 베이커리 상품을 구매하고 싶어지네요. ',to_timestamp('24/10/06 17:53:32.000000000','RR/MM/DD HH24:MI:SSXFF'),'sh510',60,null);
Insert into USER_2024_OTI_MINI_TEAM5."comment" (COMMENT_ID,COMMENT_CONTENT,COMMENT_DATETIME,MEMBER_ID,NOTICE_ID,HELPDESK_ID) values (43,'배송 지연이라니... 추석 명절이니, 이해하겠습니다. 조금 아쉽긴 하네요.',to_timestamp('24/10/06 17:54:05.000000000','RR/MM/DD HH24:MI:SSXFF'),'sh510',81,null);
Insert into USER_2024_OTI_MINI_TEAM5."comment" (COMMENT_ID,COMMENT_CONTENT,COMMENT_DATETIME,MEMBER_ID,NOTICE_ID,HELPDESK_ID) values (44,'이런... 제가 사고 싶었던 것은 언제 상품이 추가될런지...',to_timestamp('24/10/06 17:55:03.000000000','RR/MM/DD HH24:MI:SSXFF'),'sh510',40,null);
Insert into USER_2024_OTI_MINI_TEAM5."comment" (COMMENT_ID,COMMENT_CONTENT,COMMENT_DATETIME,MEMBER_ID,NOTICE_ID,HELPDESK_ID) values (45,'혹시 매진된 상품이 언제 입고되는지 확인 가능할까요?',to_timestamp('24/10/06 17:55:28.000000000','RR/MM/DD HH24:MI:SSXFF'),'sh510',40,null);
Insert into USER_2024_OTI_MINI_TEAM5."comment" (COMMENT_ID,COMMENT_CONTENT,COMMENT_DATETIME,MEMBER_ID,NOTICE_ID,HELPDESK_ID) values (26,'생크림 류의 케이크가 그나마 어르신들께서 편히 잡수시기 좋은 케이크입니다.<br>혹은 고구마 케이크도 어르신들 분께 적당한 당도로 제공하니 참고하시길 바랍니다.',to_timestamp('24/09/29 18:58:21.000000000','RR/MM/DD HH24:MI:SSXFF'),'admin',null,44);
Insert into USER_2024_OTI_MINI_TEAM5."comment" (COMMENT_ID,COMMENT_CONTENT,COMMENT_DATETIME,MEMBER_ID,NOTICE_ID,HELPDESK_ID) values (27,'생크림 류의 케이크가 그나마 어르신들께서 편히 잡수시기 좋은 케이크입니다.<br>혹은 고구마 케이크도 어르신들 분께 적당한 당도로 제공하니 참고하시길 바랍니다.',to_timestamp('24/09/29 19:38:11.000000000','RR/MM/DD HH24:MI:SSXFF'),'admin',null,43);
Insert into USER_2024_OTI_MINI_TEAM5."comment" (COMMENT_ID,COMMENT_CONTENT,COMMENT_DATETIME,MEMBER_ID,NOTICE_ID,HELPDESK_ID) values (28,'좋은 의견을 주셔서 감사합니다.<br>앞으로 조각 케이크도 연내에 출시할 수 있도록 준비하겠습니다.',to_timestamp('24/09/29 19:39:15.000000000','RR/MM/DD HH24:MI:SSXFF'),'admin',null,60);
Insert into USER_2024_OTI_MINI_TEAM5."comment" (COMMENT_ID,COMMENT_CONTENT,COMMENT_DATETIME,MEMBER_ID,NOTICE_ID,HELPDESK_ID) values (29,'간단한 차와 함께 드시는 양이라면 6인이 드셔도 충분합니다. 감사합니다.',to_timestamp('24/09/29 19:39:40.000000000','RR/MM/DD HH24:MI:SSXFF'),'admin',null,61);
Insert into USER_2024_OTI_MINI_TEAM5."comment" (COMMENT_ID,COMMENT_CONTENT,COMMENT_DATETIME,MEMBER_ID,NOTICE_ID,HELPDESK_ID) values (51,'빠리지앵은 인기 품목으로 입고 등록 후 빠른 속도로 재고가 소진되는 상품입니다.<br>더 많은 분들에게 TOBAKI의 제품이 찾아갈 수 있도록, 최선을 다하겠습니다. 감사합니다.',to_timestamp('24/10/07 00:52:39.000000000','RR/MM/DD HH24:MI:SSXFF'),'admin',null,102);
REM INSERTING into USER_2024_OTI_MINI_TEAM5."order"
SET DEFINE OFF;
Insert into USER_2024_OTI_MINI_TEAM5."order" (ORDER_NUMBER,ORDER_DATE,ORDER_MEMO,DELIVERY_NUM,DELIVERY_POST_NUM,DELIVERY_ADDRESS,DELIVERY_ADDRESS_DETAIL,RECEIVER_NAME,RECEIVER_PHONE_NUM,DELIVERY_MEMO,DELIVERY_PRICE,DELIVERY_STATUS,ORDER_TOTAL_PRICE,MEMBER_ID) values (53,to_timestamp('24/09/29 20:19:28.000000000','RR/MM/DD HH24:MI:SSXFF'),null,44,3075,'서울 종로구 창경궁로 273','402호','엄상식','01048483131',null,0,'DELIVERY_ING',32000,'sh510');
Insert into USER_2024_OTI_MINI_TEAM5."order" (ORDER_NUMBER,ORDER_DATE,ORDER_MEMO,DELIVERY_NUM,DELIVERY_POST_NUM,DELIVERY_ADDRESS,DELIVERY_ADDRESS_DETAIL,RECEIVER_NAME,RECEIVER_PHONE_NUM,DELIVERY_MEMO,DELIVERY_PRICE,DELIVERY_STATUS,ORDER_TOTAL_PRICE,MEMBER_ID) values (30,to_timestamp('24/09/27 13:57:50.000000000','RR/MM/DD HH24:MI:SSXFF'),'혹시 반으로 나눠서 포장 될까요? 부탁드립니다.',21,3075,'서울 종로구 창경궁로 273','402호','엄상식','0123456789','혹시 반으로 나눠서 포장 될까요? 부탁드립니다.',0,'DELIVERY_ING',5900,'sh510');
Insert into USER_2024_OTI_MINI_TEAM5."order" (ORDER_NUMBER,ORDER_DATE,ORDER_MEMO,DELIVERY_NUM,DELIVERY_POST_NUM,DELIVERY_ADDRESS,DELIVERY_ADDRESS_DETAIL,RECEIVER_NAME,RECEIVER_PHONE_NUM,DELIVERY_MEMO,DELIVERY_PRICE,DELIVERY_STATUS,ORDER_TOTAL_PRICE,MEMBER_ID) values (25,to_timestamp('24/09/26 10:54:33.000000000','RR/MM/DD HH24:MI:SSXFF'),'지난번에 샀던 프시케가 괜찮아서 또 사봅니다.',16,3075,'서울 종로구 창경궁로 273','402호','엄상식','01048483131','지난번에 샀던 프시케가 괜찮아서 또 사봅니다.',0,'DELIVERY_STAY',16000,'sh510');
Insert into USER_2024_OTI_MINI_TEAM5."order" (ORDER_NUMBER,ORDER_DATE,ORDER_MEMO,DELIVERY_NUM,DELIVERY_POST_NUM,DELIVERY_ADDRESS,DELIVERY_ADDRESS_DETAIL,RECEIVER_NAME,RECEIVER_PHONE_NUM,DELIVERY_MEMO,DELIVERY_PRICE,DELIVERY_STATUS,ORDER_TOTAL_PRICE,MEMBER_ID) values (35,to_timestamp('24/09/27 22:58:49.000000000','RR/MM/DD HH24:MI:SSXFF'),'바게트 耽 잘라주세요.',26,3075,'서울 종로구 창경궁로 273','402호','엄상식','01048483131','바게트 耽 잘라주세요.',0,'DELIVERY_COMPLETE',4200,'sh510');
Insert into USER_2024_OTI_MINI_TEAM5."order" (ORDER_NUMBER,ORDER_DATE,ORDER_MEMO,DELIVERY_NUM,DELIVERY_POST_NUM,DELIVERY_ADDRESS,DELIVERY_ADDRESS_DETAIL,RECEIVER_NAME,RECEIVER_PHONE_NUM,DELIVERY_MEMO,DELIVERY_PRICE,DELIVERY_STATUS,ORDER_TOTAL_PRICE,MEMBER_ID) values (58,to_timestamp('24/09/29 20:44:18.000000000','RR/MM/DD HH24:MI:SSXFF'),null,49,3075,'서울 종로구 창경궁로 273',null,'엄상식','01048483131',null,0,'DELIVERY_STAY',32000,'sh510');
Insert into USER_2024_OTI_MINI_TEAM5."order" (ORDER_NUMBER,ORDER_DATE,ORDER_MEMO,DELIVERY_NUM,DELIVERY_POST_NUM,DELIVERY_ADDRESS,DELIVERY_ADDRESS_DETAIL,RECEIVER_NAME,RECEIVER_PHONE_NUM,DELIVERY_MEMO,DELIVERY_PRICE,DELIVERY_STATUS,ORDER_TOTAL_PRICE,MEMBER_ID) values (16,to_timestamp('24/09/25 21:49:25.000000000','RR/MM/DD HH24:MI:SSXFF'),null,7,3075,'서울 종로구 창경궁로 273','402호','엄상식','01048483131',null,0,'DELIVERY_STAY',138600,'sh510');
Insert into USER_2024_OTI_MINI_TEAM5."order" (ORDER_NUMBER,ORDER_DATE,ORDER_MEMO,DELIVERY_NUM,DELIVERY_POST_NUM,DELIVERY_ADDRESS,DELIVERY_ADDRESS_DETAIL,RECEIVER_NAME,RECEIVER_PHONE_NUM,DELIVERY_MEMO,DELIVERY_PRICE,DELIVERY_STATUS,ORDER_TOTAL_PRICE,MEMBER_ID) values (17,to_timestamp('24/09/25 21:53:02.000000000','RR/MM/DD HH24:MI:SSXFF'),null,8,3075,'서울 종로구 창경궁로 273','402호','엄상식','01048483131',null,0,'DELIVERY_STAY',138600,'sh510');
Insert into USER_2024_OTI_MINI_TEAM5."order" (ORDER_NUMBER,ORDER_DATE,ORDER_MEMO,DELIVERY_NUM,DELIVERY_POST_NUM,DELIVERY_ADDRESS,DELIVERY_ADDRESS_DETAIL,RECEIVER_NAME,RECEIVER_PHONE_NUM,DELIVERY_MEMO,DELIVERY_PRICE,DELIVERY_STATUS,ORDER_TOTAL_PRICE,MEMBER_ID) values (19,to_timestamp('24/09/26 09:18:38.000000000','RR/MM/DD HH24:MI:SSXFF'),null,10,3075,'서울 종로구 창경궁로 273','402호','엄상식','01048483131',null,0,'DELIVERY_STAY',109700,'sh510');
Insert into USER_2024_OTI_MINI_TEAM5."order" (ORDER_NUMBER,ORDER_DATE,ORDER_MEMO,DELIVERY_NUM,DELIVERY_POST_NUM,DELIVERY_ADDRESS,DELIVERY_ADDRESS_DETAIL,RECEIVER_NAME,RECEIVER_PHONE_NUM,DELIVERY_MEMO,DELIVERY_PRICE,DELIVERY_STATUS,ORDER_TOTAL_PRICE,MEMBER_ID) values (26,to_timestamp('24/09/26 11:28:53.000000000','RR/MM/DD HH24:MI:SSXFF'),'바게트 반드시 잘라서 보내주세요!!',17,3075,'서울 종로구 창경궁로 273','402호','엄상식','0184843131','바게트 반드시 잘라서 보내주세요!!',0,'DELIVERY_STAY',5900,'sh510');
Insert into USER_2024_OTI_MINI_TEAM5."order" (ORDER_NUMBER,ORDER_DATE,ORDER_MEMO,DELIVERY_NUM,DELIVERY_POST_NUM,DELIVERY_ADDRESS,DELIVERY_ADDRESS_DETAIL,RECEIVER_NAME,RECEIVER_PHONE_NUM,DELIVERY_MEMO,DELIVERY_PRICE,DELIVERY_STATUS,ORDER_TOTAL_PRICE,MEMBER_ID) values (28,to_timestamp('24/09/26 14:25:21.000000000','RR/MM/DD HH24:MI:SSXFF'),null,19,28562,'충북 청주시 서원구 1순환로 627','102호','안중건','01022224444',null,0,'DELIVERY_COMPLETE',4200,'gunn0128');
Insert into USER_2024_OTI_MINI_TEAM5."order" (ORDER_NUMBER,ORDER_DATE,ORDER_MEMO,DELIVERY_NUM,DELIVERY_POST_NUM,DELIVERY_ADDRESS,DELIVERY_ADDRESS_DETAIL,RECEIVER_NAME,RECEIVER_PHONE_NUM,DELIVERY_MEMO,DELIVERY_PRICE,DELIVERY_STATUS,ORDER_TOTAL_PRICE,MEMBER_ID) values (29,to_timestamp('24/09/26 14:46:34.000000000','RR/MM/DD HH24:MI:SSXFF'),'빵은 개별로 담아주시고, 꼭 빠리지앵은 잘라주세요.',20,28562,'충북 청주시 서원구 1순환로 627',null,'안중건','01045687565',null,0,'DELIVERY_ING',240800,'gunn0128');
Insert into USER_2024_OTI_MINI_TEAM5."order" (ORDER_NUMBER,ORDER_DATE,ORDER_MEMO,DELIVERY_NUM,DELIVERY_POST_NUM,DELIVERY_ADDRESS,DELIVERY_ADDRESS_DETAIL,RECEIVER_NAME,RECEIVER_PHONE_NUM,DELIVERY_MEMO,DELIVERY_PRICE,DELIVERY_STATUS,ORDER_TOTAL_PRICE,MEMBER_ID) values (31,to_timestamp('24/09/27 14:23:03.000000000','RR/MM/DD HH24:MI:SSXFF'),'이번에도 반으로 나눠서 포장해주시면 감사하겠습니다 ^^',22,3075,'서울 종로구 창경궁로 273','402호','엄상식','01048483131','이번에도 반으로 나눠서 포장해주시면 감사하겠습니다 ^^',0,'DELIVERY_STAY',5900,'sh510');
Insert into USER_2024_OTI_MINI_TEAM5."order" (ORDER_NUMBER,ORDER_DATE,ORDER_MEMO,DELIVERY_NUM,DELIVERY_POST_NUM,DELIVERY_ADDRESS,DELIVERY_ADDRESS_DETAIL,RECEIVER_NAME,RECEIVER_PHONE_NUM,DELIVERY_MEMO,DELIVERY_PRICE,DELIVERY_STATUS,ORDER_TOTAL_PRICE,MEMBER_ID) values (57,to_timestamp('24/09/29 20:31:45.000000000','RR/MM/DD HH24:MI:SSXFF'),null,48,3075,'서울 종로구 창경궁로 273',null,'엄상식','01048483131',null,0,'DELIVERY_STAY',32000,'sh510');
Insert into USER_2024_OTI_MINI_TEAM5."order" (ORDER_NUMBER,ORDER_DATE,ORDER_MEMO,DELIVERY_NUM,DELIVERY_POST_NUM,DELIVERY_ADDRESS,DELIVERY_ADDRESS_DETAIL,RECEIVER_NAME,RECEIVER_PHONE_NUM,DELIVERY_MEMO,DELIVERY_PRICE,DELIVERY_STATUS,ORDER_TOTAL_PRICE,MEMBER_ID) values (59,to_timestamp('24/09/29 20:46:14.000000000','RR/MM/DD HH24:MI:SSXFF'),null,50,3075,'서울 종로구 창경궁로 273',null,'엄상식','01048483131',null,0,'DELIVERY_STAY',32000,'sh510');
Insert into USER_2024_OTI_MINI_TEAM5."order" (ORDER_NUMBER,ORDER_DATE,ORDER_MEMO,DELIVERY_NUM,DELIVERY_POST_NUM,DELIVERY_ADDRESS,DELIVERY_ADDRESS_DETAIL,RECEIVER_NAME,RECEIVER_PHONE_NUM,DELIVERY_MEMO,DELIVERY_PRICE,DELIVERY_STATUS,ORDER_TOTAL_PRICE,MEMBER_ID) values (18,to_timestamp('24/09/25 22:11:00.000000000','RR/MM/DD HH24:MI:SSXFF'),null,9,3075,'서울 종로구 창경궁로 273','402호','엄상식','01048483131',null,0,'DELIVERY_STAY',10100,'sh510');
Insert into USER_2024_OTI_MINI_TEAM5."order" (ORDER_NUMBER,ORDER_DATE,ORDER_MEMO,DELIVERY_NUM,DELIVERY_POST_NUM,DELIVERY_ADDRESS,DELIVERY_ADDRESS_DETAIL,RECEIVER_NAME,RECEIVER_PHONE_NUM,DELIVERY_MEMO,DELIVERY_PRICE,DELIVERY_STATUS,ORDER_TOTAL_PRICE,MEMBER_ID) values (32,to_timestamp('24/09/27 18:59:05.000000000','RR/MM/DD HH24:MI:SSXFF'),'주문자와 받는 사람이 달라요! 확인요망',23,5831,'서울 송파구 동남로 109','404호','양정윤','01079785545','주문자와 받는 사람이 달라요! 확인요망',0,'DELIVERY_COMPLETE',68500,'suramil93');
Insert into USER_2024_OTI_MINI_TEAM5."order" (ORDER_NUMBER,ORDER_DATE,ORDER_MEMO,DELIVERY_NUM,DELIVERY_POST_NUM,DELIVERY_ADDRESS,DELIVERY_ADDRESS_DETAIL,RECEIVER_NAME,RECEIVER_PHONE_NUM,DELIVERY_MEMO,DELIVERY_PRICE,DELIVERY_STATUS,ORDER_TOTAL_PRICE,MEMBER_ID) values (34,to_timestamp('24/09/27 22:56:23.000000000','RR/MM/DD HH24:MI:SSXFF'),'바게트 耽 잘라서 주세요.',25,3075,'서울 종로구 창경궁로 273','402호','엄상식','01048483131','바게트 耽 잘라서 주세요.',0,'DELIVERY_STAY',4200,'sh510');
Insert into USER_2024_OTI_MINI_TEAM5."order" (ORDER_NUMBER,ORDER_DATE,ORDER_MEMO,DELIVERY_NUM,DELIVERY_POST_NUM,DELIVERY_ADDRESS,DELIVERY_ADDRESS_DETAIL,RECEIVER_NAME,RECEIVER_PHONE_NUM,DELIVERY_MEMO,DELIVERY_PRICE,DELIVERY_STATUS,ORDER_TOTAL_PRICE,MEMBER_ID) values (37,to_timestamp('24/09/27 23:48:56.000000000','RR/MM/DD HH24:MI:SSXFF'),'개별포장해서 보내주세요!',28,3075,'서울 종로구 창경궁로 273','402호','엄상식','01048483131','개별포장해서 보내주세요!',0,'DELIVERY_COMPLETE',59200,'sh510');
Insert into USER_2024_OTI_MINI_TEAM5."order" (ORDER_NUMBER,ORDER_DATE,ORDER_MEMO,DELIVERY_NUM,DELIVERY_POST_NUM,DELIVERY_ADDRESS,DELIVERY_ADDRESS_DETAIL,RECEIVER_NAME,RECEIVER_PHONE_NUM,DELIVERY_MEMO,DELIVERY_PRICE,DELIVERY_STATUS,ORDER_TOTAL_PRICE,MEMBER_ID) values (38,to_timestamp('24/09/27 23:51:58.000000000','RR/MM/DD HH24:MI:SSXFF'),null,29,3075,'서울 종로구 창경궁로 273','402호','엄상식','01048483131',null,0,'DELIVERY_COMPLETE',35400,'sh510');
Insert into USER_2024_OTI_MINI_TEAM5."order" (ORDER_NUMBER,ORDER_DATE,ORDER_MEMO,DELIVERY_NUM,DELIVERY_POST_NUM,DELIVERY_ADDRESS,DELIVERY_ADDRESS_DETAIL,RECEIVER_NAME,RECEIVER_PHONE_NUM,DELIVERY_MEMO,DELIVERY_PRICE,DELIVERY_STATUS,ORDER_TOTAL_PRICE,MEMBER_ID) values (40,to_timestamp('24/09/28 00:00:39.000000000','RR/MM/DD HH24:MI:SSXFF'),null,31,3075,'서울 종로구 창경궁로 273','402호','엄상식','01048483131',null,0,'DELIVERY_ING',42000,'sh510');
Insert into USER_2024_OTI_MINI_TEAM5."order" (ORDER_NUMBER,ORDER_DATE,ORDER_MEMO,DELIVERY_NUM,DELIVERY_POST_NUM,DELIVERY_ADDRESS,DELIVERY_ADDRESS_DETAIL,RECEIVER_NAME,RECEIVER_PHONE_NUM,DELIVERY_MEMO,DELIVERY_PRICE,DELIVERY_STATUS,ORDER_TOTAL_PRICE,MEMBER_ID) values (1,to_timestamp('24/09/07 19:58:35.000000000','RR/MM/DD HH24:MI:SSXFF'),'a',1,1,'서울시','혜화동','bbb','01011111111','b',3000,'DELIVERY_STAY',435000,'aaaaaa');
Insert into USER_2024_OTI_MINI_TEAM5."order" (ORDER_NUMBER,ORDER_DATE,ORDER_MEMO,DELIVERY_NUM,DELIVERY_POST_NUM,DELIVERY_ADDRESS,DELIVERY_ADDRESS_DETAIL,RECEIVER_NAME,RECEIVER_PHONE_NUM,DELIVERY_MEMO,DELIVERY_PRICE,DELIVERY_STATUS,ORDER_TOTAL_PRICE,MEMBER_ID) values (2,to_timestamp('24/09/07 20:01:28.000000000','RR/MM/DD HH24:MI:SSXFF'),'a',1,1,'서울시','혜화동','bbb','01011111111','b',3000,'DELIVERY_STAY',435000,'aaaaaa');
Insert into USER_2024_OTI_MINI_TEAM5."order" (ORDER_NUMBER,ORDER_DATE,ORDER_MEMO,DELIVERY_NUM,DELIVERY_POST_NUM,DELIVERY_ADDRESS,DELIVERY_ADDRESS_DETAIL,RECEIVER_NAME,RECEIVER_PHONE_NUM,DELIVERY_MEMO,DELIVERY_PRICE,DELIVERY_STATUS,ORDER_TOTAL_PRICE,MEMBER_ID) values (3,to_timestamp('24/09/07 20:01:28.000000000','RR/MM/DD HH24:MI:SSXFF'),'a',1,1,'서울시','혜화동','bbb','01011111111','b',3000,'DELIVERY_STAY',435000,'aaaaaa');
Insert into USER_2024_OTI_MINI_TEAM5."order" (ORDER_NUMBER,ORDER_DATE,ORDER_MEMO,DELIVERY_NUM,DELIVERY_POST_NUM,DELIVERY_ADDRESS,DELIVERY_ADDRESS_DETAIL,RECEIVER_NAME,RECEIVER_PHONE_NUM,DELIVERY_MEMO,DELIVERY_PRICE,DELIVERY_STATUS,ORDER_TOTAL_PRICE,MEMBER_ID) values (4,to_timestamp('24/09/07 20:01:28.000000000','RR/MM/DD HH24:MI:SSXFF'),'a',1,1,'서울시','혜화동','bbb','01011111111','b',3000,'DELIVERY_STAY',435000,'aaaaaa');
Insert into USER_2024_OTI_MINI_TEAM5."order" (ORDER_NUMBER,ORDER_DATE,ORDER_MEMO,DELIVERY_NUM,DELIVERY_POST_NUM,DELIVERY_ADDRESS,DELIVERY_ADDRESS_DETAIL,RECEIVER_NAME,RECEIVER_PHONE_NUM,DELIVERY_MEMO,DELIVERY_PRICE,DELIVERY_STATUS,ORDER_TOTAL_PRICE,MEMBER_ID) values (5,to_timestamp('24/09/07 20:01:28.000000000','RR/MM/DD HH24:MI:SSXFF'),'a',1,1,'서울시','혜화동','bbb','01011111111','b',3000,'DELIVERY_STAY',435000,'aaaaaa');
Insert into USER_2024_OTI_MINI_TEAM5."order" (ORDER_NUMBER,ORDER_DATE,ORDER_MEMO,DELIVERY_NUM,DELIVERY_POST_NUM,DELIVERY_ADDRESS,DELIVERY_ADDRESS_DETAIL,RECEIVER_NAME,RECEIVER_PHONE_NUM,DELIVERY_MEMO,DELIVERY_PRICE,DELIVERY_STATUS,ORDER_TOTAL_PRICE,MEMBER_ID) values (6,to_timestamp('24/09/07 20:01:28.000000000','RR/MM/DD HH24:MI:SSXFF'),'a',1,1,'서울시','혜화동','bbb','01011111111','b',3000,'DELIVERY_STAY',435000,'aaaaaa');
Insert into USER_2024_OTI_MINI_TEAM5."order" (ORDER_NUMBER,ORDER_DATE,ORDER_MEMO,DELIVERY_NUM,DELIVERY_POST_NUM,DELIVERY_ADDRESS,DELIVERY_ADDRESS_DETAIL,RECEIVER_NAME,RECEIVER_PHONE_NUM,DELIVERY_MEMO,DELIVERY_PRICE,DELIVERY_STATUS,ORDER_TOTAL_PRICE,MEMBER_ID) values (7,to_timestamp('24/09/07 20:01:28.000000000','RR/MM/DD HH24:MI:SSXFF'),'a',1,1,'서울시','혜화동','bbb','01011111111','b',3000,'DELIVERY_STAY',435000,'aaaaaa');
Insert into USER_2024_OTI_MINI_TEAM5."order" (ORDER_NUMBER,ORDER_DATE,ORDER_MEMO,DELIVERY_NUM,DELIVERY_POST_NUM,DELIVERY_ADDRESS,DELIVERY_ADDRESS_DETAIL,RECEIVER_NAME,RECEIVER_PHONE_NUM,DELIVERY_MEMO,DELIVERY_PRICE,DELIVERY_STATUS,ORDER_TOTAL_PRICE,MEMBER_ID) values (8,to_timestamp('24/09/07 20:01:28.000000000','RR/MM/DD HH24:MI:SSXFF'),'a',1,1,'서울시','혜화동','bbb','01011111111','b',3000,'DELIVERY_STAY',435000,'aaaaaa');
Insert into USER_2024_OTI_MINI_TEAM5."order" (ORDER_NUMBER,ORDER_DATE,ORDER_MEMO,DELIVERY_NUM,DELIVERY_POST_NUM,DELIVERY_ADDRESS,DELIVERY_ADDRESS_DETAIL,RECEIVER_NAME,RECEIVER_PHONE_NUM,DELIVERY_MEMO,DELIVERY_PRICE,DELIVERY_STATUS,ORDER_TOTAL_PRICE,MEMBER_ID) values (9,to_timestamp('24/09/07 20:01:28.000000000','RR/MM/DD HH24:MI:SSXFF'),'a',1,1,'서울시','혜화동','bbb','01011111111','b',3000,'DELIVERY_STAY',435000,'aaaaaa');
Insert into USER_2024_OTI_MINI_TEAM5."order" (ORDER_NUMBER,ORDER_DATE,ORDER_MEMO,DELIVERY_NUM,DELIVERY_POST_NUM,DELIVERY_ADDRESS,DELIVERY_ADDRESS_DETAIL,RECEIVER_NAME,RECEIVER_PHONE_NUM,DELIVERY_MEMO,DELIVERY_PRICE,DELIVERY_STATUS,ORDER_TOTAL_PRICE,MEMBER_ID) values (10,to_timestamp('24/09/07 20:01:28.000000000','RR/MM/DD HH24:MI:SSXFF'),'a',1,1,'서울시','혜화동','bbb','01011111111','b',3000,'DELIVERY_STAY',435000,'aaaaaa');
Insert into USER_2024_OTI_MINI_TEAM5."order" (ORDER_NUMBER,ORDER_DATE,ORDER_MEMO,DELIVERY_NUM,DELIVERY_POST_NUM,DELIVERY_ADDRESS,DELIVERY_ADDRESS_DETAIL,RECEIVER_NAME,RECEIVER_PHONE_NUM,DELIVERY_MEMO,DELIVERY_PRICE,DELIVERY_STATUS,ORDER_TOTAL_PRICE,MEMBER_ID) values (11,to_timestamp('24/09/25 17:05:35.417000000','RR/MM/DD HH24:MI:SSXFF'),'''빵 종이봉투말고 OPP봉투에 넣어주세요~',2,5741,'서울시 송파구 오금로 405','1동 705호','양정윤','01076583716','문 앞에 놔주세요',3000,'DELIVERY_STAY',49000,'yooni01');
Insert into USER_2024_OTI_MINI_TEAM5."order" (ORDER_NUMBER,ORDER_DATE,ORDER_MEMO,DELIVERY_NUM,DELIVERY_POST_NUM,DELIVERY_ADDRESS,DELIVERY_ADDRESS_DETAIL,RECEIVER_NAME,RECEIVER_PHONE_NUM,DELIVERY_MEMO,DELIVERY_PRICE,DELIVERY_STATUS,ORDER_TOTAL_PRICE,MEMBER_ID) values (12,to_timestamp('24/09/25 17:06:04.345000000','RR/MM/DD HH24:MI:SSXFF'),'케이크 각각 조각으로 잘라서 보내주세요~',2,3077,'서울시 종로구 창경궁로 254 동원빌딩','402호','안양엄','01034349876','오시면 연락주세요~',3000,'DELIVERY_STAY',38000,'yooni01');
Insert into USER_2024_OTI_MINI_TEAM5."order" (ORDER_NUMBER,ORDER_DATE,ORDER_MEMO,DELIVERY_NUM,DELIVERY_POST_NUM,DELIVERY_ADDRESS,DELIVERY_ADDRESS_DETAIL,RECEIVER_NAME,RECEIVER_PHONE_NUM,DELIVERY_MEMO,DELIVERY_PRICE,DELIVERY_STATUS,ORDER_TOTAL_PRICE,MEMBER_ID) values (27,to_timestamp('24/09/26 14:24:12.000000000','RR/MM/DD HH24:MI:SSXFF'),null,18,28562,'충북 청주시 서원구 1순환로 627','aaaa','안중건','01022224444',null,0,'DELIVERY_STAY',54100,'gunn0128');
Insert into USER_2024_OTI_MINI_TEAM5."order" (ORDER_NUMBER,ORDER_DATE,ORDER_MEMO,DELIVERY_NUM,DELIVERY_POST_NUM,DELIVERY_ADDRESS,DELIVERY_ADDRESS_DETAIL,RECEIVER_NAME,RECEIVER_PHONE_NUM,DELIVERY_MEMO,DELIVERY_PRICE,DELIVERY_STATUS,ORDER_TOTAL_PRICE,MEMBER_ID) values (33,to_timestamp('24/09/27 22:46:46.000000000','RR/MM/DD HH24:MI:SSXFF'),'바게트 잘라서 주세요.',24,3075,'서울 종로구 창경궁로 273','402호','엄상식','01048483131','바게트 잘라서 주세요.',0,'DELIVERY_STAY',4200,'sh510');
Insert into USER_2024_OTI_MINI_TEAM5."order" (ORDER_NUMBER,ORDER_DATE,ORDER_MEMO,DELIVERY_NUM,DELIVERY_POST_NUM,DELIVERY_ADDRESS,DELIVERY_ADDRESS_DETAIL,RECEIVER_NAME,RECEIVER_PHONE_NUM,DELIVERY_MEMO,DELIVERY_PRICE,DELIVERY_STATUS,ORDER_TOTAL_PRICE,MEMBER_ID) values (36,to_timestamp('24/09/27 23:02:55.000000000','RR/MM/DD HH24:MI:SSXFF'),'바게트 잘라서 낱개 포장해 주세요.',27,3075,'서울 종로구 창경궁로 273','402호','엄상식','01048483131','바게트 잘라서 낱개 포장해 주세요.',0,'DELIVERY_COMPLETE',12600,'sh510');
Insert into USER_2024_OTI_MINI_TEAM5."order" (ORDER_NUMBER,ORDER_DATE,ORDER_MEMO,DELIVERY_NUM,DELIVERY_POST_NUM,DELIVERY_ADDRESS,DELIVERY_ADDRESS_DETAIL,RECEIVER_NAME,RECEIVER_PHONE_NUM,DELIVERY_MEMO,DELIVERY_PRICE,DELIVERY_STATUS,ORDER_TOTAL_PRICE,MEMBER_ID) values (39,to_timestamp('24/09/27 23:58:01.000000000','RR/MM/DD HH24:MI:SSXFF'),null,30,3075,'서울 종로구 창경궁로 273','402호','엄상식','01048483131',null,0,'DELIVERY_COMPLETE',32000,'sh510');
--------------------------------------------------------
--  DDL for Index CART_PK
--------------------------------------------------------

  CREATE UNIQUE INDEX "USER_2024_OTI_MINI_TEAM5"."CART_PK" ON "USER_2024_OTI_MINI_TEAM5"."CART" ("MEMBER_ID", "PRODUCT_ID") 
  PCTFREE 10 INITRANS 2 MAXTRANS 255 COMPUTE STATISTICS 
  STORAGE(INITIAL 65536 NEXT 1048576 MINEXTENTS 1 MAXEXTENTS 2147483645
  PCTINCREASE 0 FREELISTS 1 FREELIST GROUPS 1
  BUFFER_POOL DEFAULT FLASH_CACHE DEFAULT CELL_FLASH_CACHE DEFAULT)
  TABLESPACE "USERS" ;
--------------------------------------------------------
--  DDL for Index CATEGORY_PK
--------------------------------------------------------

  CREATE UNIQUE INDEX "USER_2024_OTI_MINI_TEAM5"."CATEGORY_PK" ON "USER_2024_OTI_MINI_TEAM5"."CATEGORY" ("CATEGORY_NAME") 
  PCTFREE 10 INITRANS 2 MAXTRANS 255 COMPUTE STATISTICS 
  STORAGE(INITIAL 65536 NEXT 1048576 MINEXTENTS 1 MAXEXTENTS 2147483645
  PCTINCREASE 0 FREELISTS 1 FREELIST GROUPS 1
  BUFFER_POOL DEFAULT FLASH_CACHE DEFAULT CELL_FLASH_CACHE DEFAULT)
  TABLESPACE "USERS" ;
--------------------------------------------------------
--  DDL for Index COMMENT_PK
--------------------------------------------------------

  CREATE UNIQUE INDEX "USER_2024_OTI_MINI_TEAM5"."COMMENT_PK" ON "USER_2024_OTI_MINI_TEAM5"."comment" ("COMMENT_ID") 
  PCTFREE 10 INITRANS 2 MAXTRANS 255 COMPUTE STATISTICS 
  STORAGE(INITIAL 65536 NEXT 1048576 MINEXTENTS 1 MAXEXTENTS 2147483645
  PCTINCREASE 0 FREELISTS 1 FREELIST GROUPS 1
  BUFFER_POOL DEFAULT FLASH_CACHE DEFAULT CELL_FLASH_CACHE DEFAULT)
  TABLESPACE "USERS" ;
--------------------------------------------------------
--  DDL for Index ETC_ASK_PK
--------------------------------------------------------

  CREATE UNIQUE INDEX "USER_2024_OTI_MINI_TEAM5"."ETC_ASK_PK" ON "USER_2024_OTI_MINI_TEAM5"."HELPDESK" ("HELPDESK_ID") 
  PCTFREE 10 INITRANS 2 MAXTRANS 255 COMPUTE STATISTICS 
  STORAGE(INITIAL 65536 NEXT 1048576 MINEXTENTS 1 MAXEXTENTS 2147483645
  PCTINCREASE 0 FREELISTS 1 FREELIST GROUPS 1
  BUFFER_POOL DEFAULT FLASH_CACHE DEFAULT CELL_FLASH_CACHE DEFAULT)
  TABLESPACE "USERS" ;
--------------------------------------------------------
--  DDL for Index MEMBER_PK
--------------------------------------------------------

  CREATE UNIQUE INDEX "USER_2024_OTI_MINI_TEAM5"."MEMBER_PK" ON "USER_2024_OTI_MINI_TEAM5"."MEMBER" ("MEMBER_ID") 
  PCTFREE 10 INITRANS 2 MAXTRANS 255 COMPUTE STATISTICS 
  STORAGE(INITIAL 65536 NEXT 1048576 MINEXTENTS 1 MAXEXTENTS 2147483645
  PCTINCREASE 0 FREELISTS 1 FREELIST GROUPS 1
  BUFFER_POOL DEFAULT FLASH_CACHE DEFAULT CELL_FLASH_CACHE DEFAULT)
  TABLESPACE "USERS" ;
--------------------------------------------------------
--  DDL for Index NOTICE_PK
--------------------------------------------------------

  CREATE UNIQUE INDEX "USER_2024_OTI_MINI_TEAM5"."NOTICE_PK" ON "USER_2024_OTI_MINI_TEAM5"."NOTICE" ("NOTICE_ID") 
  PCTFREE 10 INITRANS 2 MAXTRANS 255 COMPUTE STATISTICS 
  STORAGE(INITIAL 65536 NEXT 1048576 MINEXTENTS 1 MAXEXTENTS 2147483645
  PCTINCREASE 0 FREELISTS 1 FREELIST GROUPS 1
  BUFFER_POOL DEFAULT FLASH_CACHE DEFAULT CELL_FLASH_CACHE DEFAULT)
  TABLESPACE "USERS" ;
--------------------------------------------------------
--  DDL for Index ORDER_PK
--------------------------------------------------------

  CREATE UNIQUE INDEX "USER_2024_OTI_MINI_TEAM5"."ORDER_PK" ON "USER_2024_OTI_MINI_TEAM5"."order" ("ORDER_NUMBER") 
  PCTFREE 10 INITRANS 2 MAXTRANS 255 COMPUTE STATISTICS 
  STORAGE(INITIAL 65536 NEXT 1048576 MINEXTENTS 1 MAXEXTENTS 2147483645
  PCTINCREASE 0 FREELISTS 1 FREELIST GROUPS 1
  BUFFER_POOL DEFAULT FLASH_CACHE DEFAULT CELL_FLASH_CACHE DEFAULT)
  TABLESPACE "USERS" ;
--------------------------------------------------------
--  DDL for Index ORDER_PRODUCT_PK
--------------------------------------------------------

  CREATE UNIQUE INDEX "USER_2024_OTI_MINI_TEAM5"."ORDER_PRODUCT_PK" ON "USER_2024_OTI_MINI_TEAM5"."ORDER_PRODUCT" ("ORDER_NUMBER", "PRODUCT_ID") 
  PCTFREE 10 INITRANS 2 MAXTRANS 255 COMPUTE STATISTICS 
  STORAGE(INITIAL 65536 NEXT 1048576 MINEXTENTS 1 MAXEXTENTS 2147483645
  PCTINCREASE 0 FREELISTS 1 FREELIST GROUPS 1
  BUFFER_POOL DEFAULT FLASH_CACHE DEFAULT CELL_FLASH_CACHE DEFAULT)
  TABLESPACE "USERS" ;
--------------------------------------------------------
--  DDL for Index PRODUCT_PK
--------------------------------------------------------

  CREATE UNIQUE INDEX "USER_2024_OTI_MINI_TEAM5"."PRODUCT_PK" ON "USER_2024_OTI_MINI_TEAM5"."PRODUCT" ("PRODUCT_ID") 
  PCTFREE 10 INITRANS 2 MAXTRANS 255 COMPUTE STATISTICS 
  STORAGE(INITIAL 65536 NEXT 1048576 MINEXTENTS 1 MAXEXTENTS 2147483645
  PCTINCREASE 0 FREELISTS 1 FREELIST GROUPS 1
  BUFFER_POOL DEFAULT FLASH_CACHE DEFAULT CELL_FLASH_CACHE DEFAULT)
  TABLESPACE "USERS" ;
--------------------------------------------------------
--  DDL for Index PRODUCT_REVIEW_PK
--------------------------------------------------------

  CREATE UNIQUE INDEX "USER_2024_OTI_MINI_TEAM5"."PRODUCT_REVIEW_PK" ON "USER_2024_OTI_MINI_TEAM5"."PRODUCT_REVIEW" ("PRODUCT_REVIEW_ID") 
  PCTFREE 10 INITRANS 2 MAXTRANS 255 COMPUTE STATISTICS 
  STORAGE(INITIAL 65536 NEXT 1048576 MINEXTENTS 1 MAXEXTENTS 2147483645
  PCTINCREASE 0 FREELISTS 1 FREELIST GROUPS 1
  BUFFER_POOL DEFAULT FLASH_CACHE DEFAULT CELL_FLASH_CACHE DEFAULT)
  TABLESPACE "USERS" ;
--------------------------------------------------------
--  DDL for Index CART_PK
--------------------------------------------------------

  CREATE UNIQUE INDEX "USER_2024_OTI_MINI_TEAM5"."CART_PK" ON "USER_2024_OTI_MINI_TEAM5"."CART" ("MEMBER_ID", "PRODUCT_ID") 
  PCTFREE 10 INITRANS 2 MAXTRANS 255 COMPUTE STATISTICS 
  STORAGE(INITIAL 65536 NEXT 1048576 MINEXTENTS 1 MAXEXTENTS 2147483645
  PCTINCREASE 0 FREELISTS 1 FREELIST GROUPS 1
  BUFFER_POOL DEFAULT FLASH_CACHE DEFAULT CELL_FLASH_CACHE DEFAULT)
  TABLESPACE "USERS" ;
--------------------------------------------------------
--  DDL for Index CATEGORY_PK
--------------------------------------------------------

  CREATE UNIQUE INDEX "USER_2024_OTI_MINI_TEAM5"."CATEGORY_PK" ON "USER_2024_OTI_MINI_TEAM5"."CATEGORY" ("CATEGORY_NAME") 
  PCTFREE 10 INITRANS 2 MAXTRANS 255 COMPUTE STATISTICS 
  STORAGE(INITIAL 65536 NEXT 1048576 MINEXTENTS 1 MAXEXTENTS 2147483645
  PCTINCREASE 0 FREELISTS 1 FREELIST GROUPS 1
  BUFFER_POOL DEFAULT FLASH_CACHE DEFAULT CELL_FLASH_CACHE DEFAULT)
  TABLESPACE "USERS" ;
--------------------------------------------------------
--  DDL for Index ETC_ASK_PK
--------------------------------------------------------

  CREATE UNIQUE INDEX "USER_2024_OTI_MINI_TEAM5"."ETC_ASK_PK" ON "USER_2024_OTI_MINI_TEAM5"."HELPDESK" ("HELPDESK_ID") 
  PCTFREE 10 INITRANS 2 MAXTRANS 255 COMPUTE STATISTICS 
  STORAGE(INITIAL 65536 NEXT 1048576 MINEXTENTS 1 MAXEXTENTS 2147483645
  PCTINCREASE 0 FREELISTS 1 FREELIST GROUPS 1
  BUFFER_POOL DEFAULT FLASH_CACHE DEFAULT CELL_FLASH_CACHE DEFAULT)
  TABLESPACE "USERS" ;
--------------------------------------------------------
--  DDL for Index MEMBER_PK
--------------------------------------------------------

  CREATE UNIQUE INDEX "USER_2024_OTI_MINI_TEAM5"."MEMBER_PK" ON "USER_2024_OTI_MINI_TEAM5"."MEMBER" ("MEMBER_ID") 
  PCTFREE 10 INITRANS 2 MAXTRANS 255 COMPUTE STATISTICS 
  STORAGE(INITIAL 65536 NEXT 1048576 MINEXTENTS 1 MAXEXTENTS 2147483645
  PCTINCREASE 0 FREELISTS 1 FREELIST GROUPS 1
  BUFFER_POOL DEFAULT FLASH_CACHE DEFAULT CELL_FLASH_CACHE DEFAULT)
  TABLESPACE "USERS" ;
--------------------------------------------------------
--  DDL for Index NOTICE_PK
--------------------------------------------------------

  CREATE UNIQUE INDEX "USER_2024_OTI_MINI_TEAM5"."NOTICE_PK" ON "USER_2024_OTI_MINI_TEAM5"."NOTICE" ("NOTICE_ID") 
  PCTFREE 10 INITRANS 2 MAXTRANS 255 COMPUTE STATISTICS 
  STORAGE(INITIAL 65536 NEXT 1048576 MINEXTENTS 1 MAXEXTENTS 2147483645
  PCTINCREASE 0 FREELISTS 1 FREELIST GROUPS 1
  BUFFER_POOL DEFAULT FLASH_CACHE DEFAULT CELL_FLASH_CACHE DEFAULT)
  TABLESPACE "USERS" ;
--------------------------------------------------------
--  DDL for Index ORDER_PRODUCT_PK
--------------------------------------------------------

  CREATE UNIQUE INDEX "USER_2024_OTI_MINI_TEAM5"."ORDER_PRODUCT_PK" ON "USER_2024_OTI_MINI_TEAM5"."ORDER_PRODUCT" ("ORDER_NUMBER", "PRODUCT_ID") 
  PCTFREE 10 INITRANS 2 MAXTRANS 255 COMPUTE STATISTICS 
  STORAGE(INITIAL 65536 NEXT 1048576 MINEXTENTS 1 MAXEXTENTS 2147483645
  PCTINCREASE 0 FREELISTS 1 FREELIST GROUPS 1
  BUFFER_POOL DEFAULT FLASH_CACHE DEFAULT CELL_FLASH_CACHE DEFAULT)
  TABLESPACE "USERS" ;
--------------------------------------------------------
--  DDL for Index PRODUCT_PK
--------------------------------------------------------

  CREATE UNIQUE INDEX "USER_2024_OTI_MINI_TEAM5"."PRODUCT_PK" ON "USER_2024_OTI_MINI_TEAM5"."PRODUCT" ("PRODUCT_ID") 
  PCTFREE 10 INITRANS 2 MAXTRANS 255 COMPUTE STATISTICS 
  STORAGE(INITIAL 65536 NEXT 1048576 MINEXTENTS 1 MAXEXTENTS 2147483645
  PCTINCREASE 0 FREELISTS 1 FREELIST GROUPS 1
  BUFFER_POOL DEFAULT FLASH_CACHE DEFAULT CELL_FLASH_CACHE DEFAULT)
  TABLESPACE "USERS" ;
--------------------------------------------------------
--  DDL for Index PRODUCT_REVIEW_PK
--------------------------------------------------------

  CREATE UNIQUE INDEX "USER_2024_OTI_MINI_TEAM5"."PRODUCT_REVIEW_PK" ON "USER_2024_OTI_MINI_TEAM5"."PRODUCT_REVIEW" ("PRODUCT_REVIEW_ID") 
  PCTFREE 10 INITRANS 2 MAXTRANS 255 COMPUTE STATISTICS 
  STORAGE(INITIAL 65536 NEXT 1048576 MINEXTENTS 1 MAXEXTENTS 2147483645
  PCTINCREASE 0 FREELISTS 1 FREELIST GROUPS 1
  BUFFER_POOL DEFAULT FLASH_CACHE DEFAULT CELL_FLASH_CACHE DEFAULT)
  TABLESPACE "USERS" ;
--------------------------------------------------------
--  DDL for Index COMMENT_PK
--------------------------------------------------------

  CREATE UNIQUE INDEX "USER_2024_OTI_MINI_TEAM5"."COMMENT_PK" ON "USER_2024_OTI_MINI_TEAM5"."comment" ("COMMENT_ID") 
  PCTFREE 10 INITRANS 2 MAXTRANS 255 COMPUTE STATISTICS 
  STORAGE(INITIAL 65536 NEXT 1048576 MINEXTENTS 1 MAXEXTENTS 2147483645
  PCTINCREASE 0 FREELISTS 1 FREELIST GROUPS 1
  BUFFER_POOL DEFAULT FLASH_CACHE DEFAULT CELL_FLASH_CACHE DEFAULT)
  TABLESPACE "USERS" ;
--------------------------------------------------------
--  DDL for Index ORDER_PK
--------------------------------------------------------

  CREATE UNIQUE INDEX "USER_2024_OTI_MINI_TEAM5"."ORDER_PK" ON "USER_2024_OTI_MINI_TEAM5"."order" ("ORDER_NUMBER") 
  PCTFREE 10 INITRANS 2 MAXTRANS 255 COMPUTE STATISTICS 
  STORAGE(INITIAL 65536 NEXT 1048576 MINEXTENTS 1 MAXEXTENTS 2147483645
  PCTINCREASE 0 FREELISTS 1 FREELIST GROUPS 1
  BUFFER_POOL DEFAULT FLASH_CACHE DEFAULT CELL_FLASH_CACHE DEFAULT)
  TABLESPACE "USERS" ;
--------------------------------------------------------
--  Constraints for Table CART
--------------------------------------------------------

  ALTER TABLE "USER_2024_OTI_MINI_TEAM5"."CART" MODIFY ("MEMBER_ID" NOT NULL ENABLE);
  ALTER TABLE "USER_2024_OTI_MINI_TEAM5"."CART" MODIFY ("PRODUCT_ID" NOT NULL ENABLE);
  ALTER TABLE "USER_2024_OTI_MINI_TEAM5"."CART" MODIFY ("CART_COUNT" NOT NULL ENABLE);
  ALTER TABLE "USER_2024_OTI_MINI_TEAM5"."CART" ADD CONSTRAINT "CART_PK" PRIMARY KEY ("MEMBER_ID", "PRODUCT_ID")
  USING INDEX PCTFREE 10 INITRANS 2 MAXTRANS 255 COMPUTE STATISTICS 
  STORAGE(INITIAL 65536 NEXT 1048576 MINEXTENTS 1 MAXEXTENTS 2147483645
  PCTINCREASE 0 FREELISTS 1 FREELIST GROUPS 1
  BUFFER_POOL DEFAULT FLASH_CACHE DEFAULT CELL_FLASH_CACHE DEFAULT)
  TABLESPACE "USERS"  ENABLE;
--------------------------------------------------------
--  Constraints for Table CATEGORY
--------------------------------------------------------

  ALTER TABLE "USER_2024_OTI_MINI_TEAM5"."CATEGORY" MODIFY ("CATEGORY_NAME" NOT NULL ENABLE);
  ALTER TABLE "USER_2024_OTI_MINI_TEAM5"."CATEGORY" ADD CONSTRAINT "CATEGORY_PK" PRIMARY KEY ("CATEGORY_NAME")
  USING INDEX PCTFREE 10 INITRANS 2 MAXTRANS 255 COMPUTE STATISTICS 
  STORAGE(INITIAL 65536 NEXT 1048576 MINEXTENTS 1 MAXEXTENTS 2147483645
  PCTINCREASE 0 FREELISTS 1 FREELIST GROUPS 1
  BUFFER_POOL DEFAULT FLASH_CACHE DEFAULT CELL_FLASH_CACHE DEFAULT)
  TABLESPACE "USERS"  ENABLE;
--------------------------------------------------------
--  Constraints for Table CENTER_IMAGE
--------------------------------------------------------

  ALTER TABLE "USER_2024_OTI_MINI_TEAM5"."CENTER_IMAGE" MODIFY ("IMAGE_ORIGINAL_NAME" NOT NULL ENABLE);
  ALTER TABLE "USER_2024_OTI_MINI_TEAM5"."CENTER_IMAGE" MODIFY ("IMAGE_TYPE" NOT NULL ENABLE);
  ALTER TABLE "USER_2024_OTI_MINI_TEAM5"."CENTER_IMAGE" MODIFY ("IMAGE_DATA" NOT NULL ENABLE);
--------------------------------------------------------
--  Constraints for Table HELPDESK
--------------------------------------------------------

  ALTER TABLE "USER_2024_OTI_MINI_TEAM5"."HELPDESK" MODIFY ("LOCK_STATE" NOT NULL ENABLE);
  ALTER TABLE "USER_2024_OTI_MINI_TEAM5"."HELPDESK" MODIFY ("MEMBER_ID" NOT NULL ENABLE);
  ALTER TABLE "USER_2024_OTI_MINI_TEAM5"."HELPDESK" ADD CONSTRAINT "ETC_ASK_PK" PRIMARY KEY ("HELPDESK_ID")
  USING INDEX PCTFREE 10 INITRANS 2 MAXTRANS 255 COMPUTE STATISTICS 
  STORAGE(INITIAL 65536 NEXT 1048576 MINEXTENTS 1 MAXEXTENTS 2147483645
  PCTINCREASE 0 FREELISTS 1 FREELIST GROUPS 1
  BUFFER_POOL DEFAULT FLASH_CACHE DEFAULT CELL_FLASH_CACHE DEFAULT)
  TABLESPACE "USERS"  ENABLE;
  ALTER TABLE "USER_2024_OTI_MINI_TEAM5"."HELPDESK" MODIFY ("HELPDESK_ID" NOT NULL ENABLE);
  ALTER TABLE "USER_2024_OTI_MINI_TEAM5"."HELPDESK" MODIFY ("HELPDESK_TITLE" NOT NULL ENABLE);
  ALTER TABLE "USER_2024_OTI_MINI_TEAM5"."HELPDESK" MODIFY ("HELPDESK_DATETIME" NOT NULL ENABLE);
  ALTER TABLE "USER_2024_OTI_MINI_TEAM5"."HELPDESK" MODIFY ("HELPDESK_VIEWS" NOT NULL ENABLE);
--------------------------------------------------------
--  Constraints for Table MEMBER
--------------------------------------------------------

  ALTER TABLE "USER_2024_OTI_MINI_TEAM5"."MEMBER" MODIFY ("MEMBER_ID" NOT NULL ENABLE);
  ALTER TABLE "USER_2024_OTI_MINI_TEAM5"."MEMBER" MODIFY ("MEMBER_NAME" NOT NULL ENABLE);
  ALTER TABLE "USER_2024_OTI_MINI_TEAM5"."MEMBER" MODIFY ("MEMBER_PASSWORD" NOT NULL ENABLE);
  ALTER TABLE "USER_2024_OTI_MINI_TEAM5"."MEMBER" MODIFY ("MEMBER_BIRTHDAY" NOT NULL ENABLE);
  ALTER TABLE "USER_2024_OTI_MINI_TEAM5"."MEMBER" MODIFY ("MEMBER_EMAIL" NOT NULL ENABLE);
  ALTER TABLE "USER_2024_OTI_MINI_TEAM5"."MEMBER" MODIFY ("POST_NUM" NOT NULL ENABLE);
  ALTER TABLE "USER_2024_OTI_MINI_TEAM5"."MEMBER" MODIFY ("ADDRESS" NOT NULL ENABLE);
  ALTER TABLE "USER_2024_OTI_MINI_TEAM5"."MEMBER" MODIFY ("PHONE_NUM" NOT NULL ENABLE);
  ALTER TABLE "USER_2024_OTI_MINI_TEAM5"."MEMBER" MODIFY ("MEMBER_QUESTION" NOT NULL ENABLE);
  ALTER TABLE "USER_2024_OTI_MINI_TEAM5"."MEMBER" MODIFY ("MEMBER_ANSWER" NOT NULL ENABLE);
  ALTER TABLE "USER_2024_OTI_MINI_TEAM5"."MEMBER" MODIFY ("MEMBER_ROLE" NOT NULL ENABLE);
  ALTER TABLE "USER_2024_OTI_MINI_TEAM5"."MEMBER" MODIFY ("MEMBER_ENABLE" NOT NULL ENABLE);
  ALTER TABLE "USER_2024_OTI_MINI_TEAM5"."MEMBER" ADD CONSTRAINT "MEMBER_PK" PRIMARY KEY ("MEMBER_ID")
  USING INDEX PCTFREE 10 INITRANS 2 MAXTRANS 255 COMPUTE STATISTICS 
  STORAGE(INITIAL 65536 NEXT 1048576 MINEXTENTS 1 MAXEXTENTS 2147483645
  PCTINCREASE 0 FREELISTS 1 FREELIST GROUPS 1
  BUFFER_POOL DEFAULT FLASH_CACHE DEFAULT CELL_FLASH_CACHE DEFAULT)
  TABLESPACE "USERS"  ENABLE;
--------------------------------------------------------
--  Constraints for Table NOTICE
--------------------------------------------------------

  ALTER TABLE "USER_2024_OTI_MINI_TEAM5"."NOTICE" MODIFY ("NOTICE_ID" NOT NULL ENABLE);
  ALTER TABLE "USER_2024_OTI_MINI_TEAM5"."NOTICE" MODIFY ("NOTICE_TITLE" NOT NULL ENABLE);
  ALTER TABLE "USER_2024_OTI_MINI_TEAM5"."NOTICE" MODIFY ("NOTICE_DATETIME" NOT NULL ENABLE);
  ALTER TABLE "USER_2024_OTI_MINI_TEAM5"."NOTICE" MODIFY ("NOTICE_CONTENT" NOT NULL ENABLE);
  ALTER TABLE "USER_2024_OTI_MINI_TEAM5"."NOTICE" MODIFY ("NOTICE_VIEWS" NOT NULL ENABLE);
  ALTER TABLE "USER_2024_OTI_MINI_TEAM5"."NOTICE" MODIFY ("MEMBER_ID" NOT NULL ENABLE);
  ALTER TABLE "USER_2024_OTI_MINI_TEAM5"."NOTICE" ADD CONSTRAINT "NOTICE_PK" PRIMARY KEY ("NOTICE_ID")
  USING INDEX PCTFREE 10 INITRANS 2 MAXTRANS 255 COMPUTE STATISTICS 
  STORAGE(INITIAL 65536 NEXT 1048576 MINEXTENTS 1 MAXEXTENTS 2147483645
  PCTINCREASE 0 FREELISTS 1 FREELIST GROUPS 1
  BUFFER_POOL DEFAULT FLASH_CACHE DEFAULT CELL_FLASH_CACHE DEFAULT)
  TABLESPACE "USERS"  ENABLE;
--------------------------------------------------------
--  Constraints for Table ORDER_PRODUCT
--------------------------------------------------------

  ALTER TABLE "USER_2024_OTI_MINI_TEAM5"."ORDER_PRODUCT" MODIFY ("ORDER_NUMBER" NOT NULL ENABLE);
  ALTER TABLE "USER_2024_OTI_MINI_TEAM5"."ORDER_PRODUCT" MODIFY ("PRODUCT_ID" NOT NULL ENABLE);
  ALTER TABLE "USER_2024_OTI_MINI_TEAM5"."ORDER_PRODUCT" MODIFY ("ORDER_PRODUCT_COUNT" NOT NULL ENABLE);
  ALTER TABLE "USER_2024_OTI_MINI_TEAM5"."ORDER_PRODUCT" MODIFY ("ORDER_PRODUCT_PRICE" NOT NULL ENABLE);
  ALTER TABLE "USER_2024_OTI_MINI_TEAM5"."ORDER_PRODUCT" ADD CONSTRAINT "ORDER_PRODUCT_PK" PRIMARY KEY ("ORDER_NUMBER", "PRODUCT_ID")
  USING INDEX PCTFREE 10 INITRANS 2 MAXTRANS 255 COMPUTE STATISTICS 
  STORAGE(INITIAL 65536 NEXT 1048576 MINEXTENTS 1 MAXEXTENTS 2147483645
  PCTINCREASE 0 FREELISTS 1 FREELIST GROUPS 1
  BUFFER_POOL DEFAULT FLASH_CACHE DEFAULT CELL_FLASH_CACHE DEFAULT)
  TABLESPACE "USERS"  ENABLE;
--------------------------------------------------------
--  Constraints for Table PRODUCT
--------------------------------------------------------

  ALTER TABLE "USER_2024_OTI_MINI_TEAM5"."PRODUCT" MODIFY ("PRODUCT_ID" NOT NULL ENABLE);
  ALTER TABLE "USER_2024_OTI_MINI_TEAM5"."PRODUCT" MODIFY ("PRODUCT_NAME" NOT NULL ENABLE);
  ALTER TABLE "USER_2024_OTI_MINI_TEAM5"."PRODUCT" MODIFY ("PRODUCT_PRICE" NOT NULL ENABLE);
  ALTER TABLE "USER_2024_OTI_MINI_TEAM5"."PRODUCT" MODIFY ("PRODUCT_DATETIME" NOT NULL ENABLE);
  ALTER TABLE "USER_2024_OTI_MINI_TEAM5"."PRODUCT" MODIFY ("PRODUCT_STATE" NOT NULL ENABLE);
  ALTER TABLE "USER_2024_OTI_MINI_TEAM5"."PRODUCT" MODIFY ("PRODUCT_STOCK" NOT NULL ENABLE);
  ALTER TABLE "USER_2024_OTI_MINI_TEAM5"."PRODUCT" MODIFY ("PRODUCT_RECOM" NOT NULL ENABLE);
  ALTER TABLE "USER_2024_OTI_MINI_TEAM5"."PRODUCT" MODIFY ("CATEGORY_NAME" NOT NULL ENABLE);
  ALTER TABLE "USER_2024_OTI_MINI_TEAM5"."PRODUCT" ADD CONSTRAINT "PRODUCT_PK" PRIMARY KEY ("PRODUCT_ID")
  USING INDEX PCTFREE 10 INITRANS 2 MAXTRANS 255 COMPUTE STATISTICS 
  STORAGE(INITIAL 65536 NEXT 1048576 MINEXTENTS 1 MAXEXTENTS 2147483645
  PCTINCREASE 0 FREELISTS 1 FREELIST GROUPS 1
  BUFFER_POOL DEFAULT FLASH_CACHE DEFAULT CELL_FLASH_CACHE DEFAULT)
  TABLESPACE "USERS"  ENABLE;
  ALTER TABLE "USER_2024_OTI_MINI_TEAM5"."PRODUCT" MODIFY ("PRODUCT_NEW" NOT NULL ENABLE);
  ALTER TABLE "USER_2024_OTI_MINI_TEAM5"."PRODUCT" MODIFY ("PRODUCT_BEST" NOT NULL ENABLE);
--------------------------------------------------------
--  Constraints for Table PRODUCT_IMAGE
--------------------------------------------------------

  ALTER TABLE "USER_2024_OTI_MINI_TEAM5"."PRODUCT_IMAGE" MODIFY ("PRODUCT_ID" NOT NULL ENABLE);
  ALTER TABLE "USER_2024_OTI_MINI_TEAM5"."PRODUCT_IMAGE" MODIFY ("PRODUCT_USECASE" NOT NULL ENABLE);
  ALTER TABLE "USER_2024_OTI_MINI_TEAM5"."PRODUCT_IMAGE" MODIFY ("IMAGE_ORIGINAL_NAME" NOT NULL ENABLE);
  ALTER TABLE "USER_2024_OTI_MINI_TEAM5"."PRODUCT_IMAGE" MODIFY ("IMAGE_TYPE" NOT NULL ENABLE);
  ALTER TABLE "USER_2024_OTI_MINI_TEAM5"."PRODUCT_IMAGE" MODIFY ("IMAGE_DATA" NOT NULL ENABLE);
--------------------------------------------------------
--  Constraints for Table PRODUCT_REVIEW
--------------------------------------------------------

  ALTER TABLE "USER_2024_OTI_MINI_TEAM5"."PRODUCT_REVIEW" MODIFY ("PRODUCT_REVIEW_ID" NOT NULL ENABLE);
  ALTER TABLE "USER_2024_OTI_MINI_TEAM5"."PRODUCT_REVIEW" MODIFY ("REVIEW_TITLE" NOT NULL ENABLE);
  ALTER TABLE "USER_2024_OTI_MINI_TEAM5"."PRODUCT_REVIEW" MODIFY ("REVIEW_POINT" NOT NULL ENABLE);
  ALTER TABLE "USER_2024_OTI_MINI_TEAM5"."PRODUCT_REVIEW" MODIFY ("REVIEW_VIEWS" NOT NULL ENABLE);
  ALTER TABLE "USER_2024_OTI_MINI_TEAM5"."PRODUCT_REVIEW" MODIFY ("REVIEW_DATE" NOT NULL ENABLE);
  ALTER TABLE "USER_2024_OTI_MINI_TEAM5"."PRODUCT_REVIEW" MODIFY ("MEMBER_ID" NOT NULL ENABLE);
  ALTER TABLE "USER_2024_OTI_MINI_TEAM5"."PRODUCT_REVIEW" MODIFY ("PRODUCT_ID" NOT NULL ENABLE);
  ALTER TABLE "USER_2024_OTI_MINI_TEAM5"."PRODUCT_REVIEW" ADD CONSTRAINT "PRODUCT_REVIEW_PK" PRIMARY KEY ("PRODUCT_REVIEW_ID")
  USING INDEX PCTFREE 10 INITRANS 2 MAXTRANS 255 COMPUTE STATISTICS 
  STORAGE(INITIAL 65536 NEXT 1048576 MINEXTENTS 1 MAXEXTENTS 2147483645
  PCTINCREASE 0 FREELISTS 1 FREELIST GROUPS 1
  BUFFER_POOL DEFAULT FLASH_CACHE DEFAULT CELL_FLASH_CACHE DEFAULT)
  TABLESPACE "USERS"  ENABLE;
--------------------------------------------------------
--  Constraints for Table comment
--------------------------------------------------------

  ALTER TABLE "USER_2024_OTI_MINI_TEAM5"."comment" MODIFY ("COMMENT_ID" NOT NULL ENABLE);
  ALTER TABLE "USER_2024_OTI_MINI_TEAM5"."comment" MODIFY ("COMMENT_DATETIME" NOT NULL ENABLE);
  ALTER TABLE "USER_2024_OTI_MINI_TEAM5"."comment" MODIFY ("MEMBER_ID" NOT NULL ENABLE);
  ALTER TABLE "USER_2024_OTI_MINI_TEAM5"."comment" ADD CONSTRAINT "COMMENT_PK" PRIMARY KEY ("COMMENT_ID")
  USING INDEX PCTFREE 10 INITRANS 2 MAXTRANS 255 COMPUTE STATISTICS 
  STORAGE(INITIAL 65536 NEXT 1048576 MINEXTENTS 1 MAXEXTENTS 2147483645
  PCTINCREASE 0 FREELISTS 1 FREELIST GROUPS 1
  BUFFER_POOL DEFAULT FLASH_CACHE DEFAULT CELL_FLASH_CACHE DEFAULT)
  TABLESPACE "USERS"  ENABLE;
--------------------------------------------------------
--  Constraints for Table order
--------------------------------------------------------

  ALTER TABLE "USER_2024_OTI_MINI_TEAM5"."order" MODIFY ("ORDER_NUMBER" NOT NULL ENABLE);
  ALTER TABLE "USER_2024_OTI_MINI_TEAM5"."order" MODIFY ("ORDER_DATE" NOT NULL ENABLE);
  ALTER TABLE "USER_2024_OTI_MINI_TEAM5"."order" MODIFY ("DELIVERY_NUM" NOT NULL ENABLE);
  ALTER TABLE "USER_2024_OTI_MINI_TEAM5"."order" MODIFY ("DELIVERY_POST_NUM" NOT NULL ENABLE);
  ALTER TABLE "USER_2024_OTI_MINI_TEAM5"."order" MODIFY ("DELIVERY_ADDRESS" NOT NULL ENABLE);
  ALTER TABLE "USER_2024_OTI_MINI_TEAM5"."order" MODIFY ("RECEIVER_NAME" NOT NULL ENABLE);
  ALTER TABLE "USER_2024_OTI_MINI_TEAM5"."order" MODIFY ("RECEIVER_PHONE_NUM" NOT NULL ENABLE);
  ALTER TABLE "USER_2024_OTI_MINI_TEAM5"."order" MODIFY ("DELIVERY_PRICE" NOT NULL ENABLE);
  ALTER TABLE "USER_2024_OTI_MINI_TEAM5"."order" MODIFY ("DELIVERY_STATUS" NOT NULL ENABLE);
  ALTER TABLE "USER_2024_OTI_MINI_TEAM5"."order" MODIFY ("ORDER_TOTAL_PRICE" NOT NULL ENABLE);
  ALTER TABLE "USER_2024_OTI_MINI_TEAM5"."order" MODIFY ("MEMBER_ID" NOT NULL ENABLE);
  ALTER TABLE "USER_2024_OTI_MINI_TEAM5"."order" ADD CONSTRAINT "ORDER_PK" PRIMARY KEY ("ORDER_NUMBER")
  USING INDEX PCTFREE 10 INITRANS 2 MAXTRANS 255 COMPUTE STATISTICS 
  STORAGE(INITIAL 65536 NEXT 1048576 MINEXTENTS 1 MAXEXTENTS 2147483645
  PCTINCREASE 0 FREELISTS 1 FREELIST GROUPS 1
  BUFFER_POOL DEFAULT FLASH_CACHE DEFAULT CELL_FLASH_CACHE DEFAULT)
  TABLESPACE "USERS"  ENABLE;
--------------------------------------------------------
--  Ref Constraints for Table CART
--------------------------------------------------------

  ALTER TABLE "USER_2024_OTI_MINI_TEAM5"."CART" ADD CONSTRAINT "CART_MEMBER_FK" FOREIGN KEY ("MEMBER_ID")
	  REFERENCES "USER_2024_OTI_MINI_TEAM5"."MEMBER" ("MEMBER_ID") ENABLE;
  ALTER TABLE "USER_2024_OTI_MINI_TEAM5"."CART" ADD CONSTRAINT "CART_PRODUCT_FK" FOREIGN KEY ("PRODUCT_ID")
	  REFERENCES "USER_2024_OTI_MINI_TEAM5"."PRODUCT" ("PRODUCT_ID") ENABLE;
--------------------------------------------------------
--  Ref Constraints for Table CENTER_IMAGE
--------------------------------------------------------

  ALTER TABLE "USER_2024_OTI_MINI_TEAM5"."CENTER_IMAGE" ADD CONSTRAINT "CENTER_IMAGE_HELPDESK_FK" FOREIGN KEY ("HELPDESK_ID")
	  REFERENCES "USER_2024_OTI_MINI_TEAM5"."HELPDESK" ("HELPDESK_ID") ON DELETE SET NULL ENABLE;
  ALTER TABLE "USER_2024_OTI_MINI_TEAM5"."CENTER_IMAGE" ADD CONSTRAINT "CENTER_IMAGE_NOTICE_FK" FOREIGN KEY ("NOTICE_ID")
	  REFERENCES "USER_2024_OTI_MINI_TEAM5"."NOTICE" ("NOTICE_ID") ON DELETE SET NULL ENABLE;
  ALTER TABLE "USER_2024_OTI_MINI_TEAM5"."CENTER_IMAGE" ADD CONSTRAINT "CENTER_IMAGE_PRODUCT_REVIEW_FK" FOREIGN KEY ("PRODUCT_REVIEW_ID")
	  REFERENCES "USER_2024_OTI_MINI_TEAM5"."PRODUCT_REVIEW" ("PRODUCT_REVIEW_ID") ON DELETE SET NULL ENABLE;
--------------------------------------------------------
--  Ref Constraints for Table HELPDESK
--------------------------------------------------------

  ALTER TABLE "USER_2024_OTI_MINI_TEAM5"."HELPDESK" ADD CONSTRAINT "ETC_ASK_MEMBER_FK" FOREIGN KEY ("MEMBER_ID")
	  REFERENCES "USER_2024_OTI_MINI_TEAM5"."MEMBER" ("MEMBER_ID") ENABLE;
--------------------------------------------------------
--  Ref Constraints for Table NOTICE
--------------------------------------------------------

  ALTER TABLE "USER_2024_OTI_MINI_TEAM5"."NOTICE" ADD CONSTRAINT "NOTICE_MEMBER_FK" FOREIGN KEY ("MEMBER_ID")
	  REFERENCES "USER_2024_OTI_MINI_TEAM5"."MEMBER" ("MEMBER_ID") ENABLE;
--------------------------------------------------------
--  Ref Constraints for Table ORDER_PRODUCT
--------------------------------------------------------

  ALTER TABLE "USER_2024_OTI_MINI_TEAM5"."ORDER_PRODUCT" ADD CONSTRAINT "ORDER_PRODUCT_ORDER_FK" FOREIGN KEY ("ORDER_NUMBER")
	  REFERENCES "USER_2024_OTI_MINI_TEAM5"."order" ("ORDER_NUMBER") ENABLE;
  ALTER TABLE "USER_2024_OTI_MINI_TEAM5"."ORDER_PRODUCT" ADD CONSTRAINT "ORDER_PRODUCT_PRODUCT_FK" FOREIGN KEY ("PRODUCT_ID")
	  REFERENCES "USER_2024_OTI_MINI_TEAM5"."PRODUCT" ("PRODUCT_ID") ENABLE;
--------------------------------------------------------
--  Ref Constraints for Table PRODUCT
--------------------------------------------------------

  ALTER TABLE "USER_2024_OTI_MINI_TEAM5"."PRODUCT" ADD CONSTRAINT "PRODUCT_CATEGORY_FK" FOREIGN KEY ("CATEGORY_NAME")
	  REFERENCES "USER_2024_OTI_MINI_TEAM5"."CATEGORY" ("CATEGORY_NAME") ENABLE;
--------------------------------------------------------
--  Ref Constraints for Table PRODUCT_IMAGE
--------------------------------------------------------

  ALTER TABLE "USER_2024_OTI_MINI_TEAM5"."PRODUCT_IMAGE" ADD CONSTRAINT "PRODUCT_IMAGE_PRODUCT_FK" FOREIGN KEY ("PRODUCT_ID")
	  REFERENCES "USER_2024_OTI_MINI_TEAM5"."PRODUCT" ("PRODUCT_ID") ENABLE;
--------------------------------------------------------
--  Ref Constraints for Table PRODUCT_REVIEW
--------------------------------------------------------

  ALTER TABLE "USER_2024_OTI_MINI_TEAM5"."PRODUCT_REVIEW" ADD CONSTRAINT "PRODUCT_REVIEW_MEMBER_FK" FOREIGN KEY ("MEMBER_ID")
	  REFERENCES "USER_2024_OTI_MINI_TEAM5"."MEMBER" ("MEMBER_ID") ENABLE;
  ALTER TABLE "USER_2024_OTI_MINI_TEAM5"."PRODUCT_REVIEW" ADD CONSTRAINT "PRODUCT_REVIEW_PRODUCT_FK" FOREIGN KEY ("PRODUCT_ID")
	  REFERENCES "USER_2024_OTI_MINI_TEAM5"."PRODUCT" ("PRODUCT_ID") ENABLE;
--------------------------------------------------------
--  Ref Constraints for Table comment
--------------------------------------------------------

  ALTER TABLE "USER_2024_OTI_MINI_TEAM5"."comment" ADD CONSTRAINT "COMMENT_HELPDESK_FK" FOREIGN KEY ("HELPDESK_ID")
	  REFERENCES "USER_2024_OTI_MINI_TEAM5"."HELPDESK" ("HELPDESK_ID") ON DELETE SET NULL ENABLE;
  ALTER TABLE "USER_2024_OTI_MINI_TEAM5"."comment" ADD CONSTRAINT "COMMENT_MEMBER_FK" FOREIGN KEY ("MEMBER_ID")
	  REFERENCES "USER_2024_OTI_MINI_TEAM5"."MEMBER" ("MEMBER_ID") ENABLE;
  ALTER TABLE "USER_2024_OTI_MINI_TEAM5"."comment" ADD CONSTRAINT "COMMENT_NOTICE_FK" FOREIGN KEY ("NOTICE_ID")
	  REFERENCES "USER_2024_OTI_MINI_TEAM5"."NOTICE" ("NOTICE_ID") ON DELETE SET NULL ENABLE;
--------------------------------------------------------
--  Ref Constraints for Table order
--------------------------------------------------------

  ALTER TABLE "USER_2024_OTI_MINI_TEAM5"."order" ADD CONSTRAINT "ORDER_MEMBER_FK" FOREIGN KEY ("MEMBER_ID")
	  REFERENCES "USER_2024_OTI_MINI_TEAM5"."MEMBER" ("MEMBER_ID") ENABLE;
